# Per-source-Kreis one-seat-to-ZGB PT entry stops (rail+bus), EPSG:25832. Generated by scripts/extract_incommuter_pt_entry_stops.py from the cordon transit schedule.
source_ars5,stop_id,x,y
03155,195454.link:25017,575088.8231761816,5744488.523289489
03155,227747.link:213080,571642.7468536709,5746773.040768886
03155,227747.link:545261,571642.7468536709,5746773.040768886
03155,27178.link:214633,568178.1921128549,5728482.148147929
03155,27178.link:214634,568178.1921128549,5728482.148147929
03155,274850.link:776348,573159.9287785369,5746531.641492795
03155,305991.link:721010,575754.1152874423,5746622.772696999
03155,345085.link:502129,574487.8639701714,5745919.790231573
03155,345085.link:502130,574487.8639701714,5745919.790231573
03155,349468.link:75717,570643.211438161,5747161.543054092
03155,349468.link:75718,570643.211438161,5747161.543054092
03155,350816.link:230686,566658.8486589607,5744955.68555384
03155,350816.link:230687,566658.8486589607,5744955.68555384
03155,350816.link:266012,566658.8486589607,5744955.68555384
03155,350816.link:266013,566658.8486589607,5744955.68555384
03155,524998.link:935386,572733.3472888306,5745990.710202909
03155,524998.link:935387,572733.3472888306,5745990.710202909
03155,539201.link:692481,571199.9353391445,5746827.1366674015
03155,630388.link:480157,564586.240301418,5720097.539671317
03155,630388.link:480158,564586.240301418,5720097.539671317
03155,641515.link:890620,563632.860019209,5738993.189585389
03155,641515.link:890621,563632.860019209,5738993.189585389
03155,658568.link:874635,570245.6779778528,5746778.861200005
03155,658568.link:874636,570245.6779778528,5746778.861200005
03155,660420.link:545344,571036.008099792,5747145.289730787
03155,673976.link:200802,573058.0453111262,5746490.888788093
03155,673985.link:452734,571535.8489147209,5746354.370017201
03155,673985.link:452735,571535.8489147209,5746354.370017201
03155,9717.link:582197,575096.7243503195,5744499.209323726
03155,9717.link:582198,575096.7243503195,5744499.209323726
03159,100298.link:592140,585080.0840955656,5740069.105493155
03159,100518.link:146076,599774.1960682276,5720045.5089261215
03159,100518.link:146077,599774.1960682276,5720045.5089261215
03159,113431.link:821522,582607.904167944,5737594.415976282
03159,117623.link:830801,586030.9103590335,5732167.9976447215
03159,127650.link:784555,598677.783666165,5719967.93144927
03159,127650.link:784556,598677.783666165,5719967.93144927
03159,127765.link:420428,592554.194478492,5723003.568400355
03159,132489.link:14690,595199.9970405491,5720720.736298384
03159,133248.link:109654,592198.5375902171,5723452.398451897
03159,133248.link:109655,592198.5375902171,5723452.398451897
03159,134887.link:823053,607318.2920113965,5717836.414786642
03159,134887.link:823054,607318.2920113965,5717836.414786642
03159,137448.link:412316,596897.9217263771,5720212.759023608
03159,146852.link:667423,609557.005559307,5723785.844254105
03159,152250.link:507967,589004.7222852474,5733796.343067211
03159,155222.link:916442,585198.2747329578,5732806.849871269
03159,155222.link:916443,585198.2747329578,5732806.849871269
03159,156761.link:46075,583351.0104960008,5736290.332889931
03159,156761.link:46078,583351.0104960008,5736290.332889931
03159,157431.link:194413,564239.1605368272,5709722.19592096
03159,157431.link:433764,564239.1605368272,5709722.19592096
03159,161331.link:296586,612115.3696881857,5717044.861528398
03159,161331.link:296587,612115.3696881857,5717044.861528398
03159,163284.link:836028,589092.7186289101,5734306.294893885
03159,163957.link:2265,585447.9923021415,5740573.058426765
03159,163974.link:831766,581872.1162265518,5739183.724767012
03159,163974.link:831767,581872.1162265518,5739183.724767012
03159,164091.link:836027,589113.0127221373,5734333.909395886
03159,166091.link:623457,583728.8587395437,5735228.892118377
03159,166091.link:623458,583728.8587395437,5735228.892118377
03159,168258.link:147470,585182.2905678516,5739096.331120116
03159,168258.link:147471,585182.2905678516,5739096.331120116
03159,169222.link:2250,585181.797610465,5740024.884228605
03159,178395.link:2249,585201.7457844823,5739946.572136956
03159,182248.link:805495,586949.8060985128,5731971.293906668
03159,194102.link:715682,588448.9812564097,5733470.279600605
03159,195103.link:384684,584064.6870523037,5733496.423871553
03159,195103.link:384685,584064.6870523037,5733496.423871553
03159,195849.link:455585,586777.6010363785,5731136.661787469
03159,196842.link:763057,611469.6191790897,5716866.719677648
03159,196842.link:763058,611469.6191790897,5716866.719677648
03159,204049.link:292741,587304.6775792032,5730865.204958472
03159,212775.link:776187,564199.3914995193,5709921.236683798
03159,213871.link:809170,607824.0676882606,5717094.625209561
03159,213871.link:834662,607824.0676882606,5717094.625209561
03159,213871.link:834663,607824.0676882606,5717094.625209561
03159,214181.link:669843,613035.0227056989,5721792.220304429
03159,214181.link:669844,613035.0227056989,5721792.220304429
03159,220736.link:367610,608569.7881423794,5716721.161937599
03159,220736.link:367611,608569.7881423794,5716721.161937599
03159,221393.link:796610,613048.0410225319,5721151.091033309
03159,221393.link:796611,613048.0410225319,5721151.091033309
03159,222718.link:531668,607475.1469242155,5713985.39855387
03159,222718.link:531669,607475.1469242155,5713985.39855387
03159,227748.link:5171,564244.9263115535,5709918.809779404
03159,227748.link:5172,564244.9263115535,5709918.809779404
03159,231160.link:200513,612511.2225903184,5719767.832668296
03159,231160.link:200514,612511.2225903184,5719767.832668296
03159,231345.link:234429,609932.2885381144,5721632.012918545
03159,231345.link:234430,609932.2885381144,5721632.012918545
03159,240957.link:108216,587077.4690479822,5729971.0968875745
03159,243527.link:71820,587429.3285010138,5732334.017732285
03159,243527.link:71821,587429.3285010138,5732334.017732285
03159,243931.link:46081,583227.0734583396,5736456.369891822
03159,243931.link:46082,583227.0734583396,5736456.369891822
03159,24640.link:21226,607306.4513159506,5717505.956113674
03159,24640.link:818953,607306.4513159506,5717505.956113674
03159,246650.link:599789,586883.5469603786,5730264.773747369
03159,246997.link:796608,612705.1806715843,5720736.445806762
03159,246997.link:796609,612705.1806715843,5720736.445806762
03159,247339.link:776186,564201.8480541488,5709913.481763092
03159,25389.link:251665,609899.2520698328,5714612.5827995045
03159,25389.link:251666,609899.2520698328,5714612.5827995045
03159,25558.link:927967,588453.910766002,5731533.245415181
03159,25558.link:927968,588453.910766002,5731533.245415181
03159,258828.link:103512,603084.0198555121,5722515.620396329
03159,258828.link:103513,603084.0198555121,5722515.620396329
03159,262312.link:21144,588364.9882434198,5730316.107821479
03159,262601.link:715683,588394.0230771274,5733438.165913466
03159,266655.link:412297,598014.7480993795,5719888.4022855405
03159,273576.link:815273,600253.142652842,5719890.549331016
03159,274307.link:818452,608130.9344442524,5717021.843529243
03159,274307.link:818453,608130.9344442524,5717021.843529243
03159,27642.link:400850,609886.1787055024,5714515.282885703
03159,27642.link:400851,609886.1787055024,5714515.282885703
03159,277656.link:146084,599371.0321766591,5719953.912296993
03159,277656.link:832136,599371.0321766591,5719953.912296993
03159,278593.link:15466,592280.7792845168,5723745.921816
03159,278998.link:558064,592504.2450483126,5723781.3799581155
03159,281085.link:610292,584777.4054892729,5732970.619367731
03159,281085.link:610293,584777.4054892729,5732970.619367731
03159,28531.link:146085,599348.5227620102,5719971.7152608875
03159,28531.link:832135,599348.5227620102,5719971.7152608875
03159,28653.link:46118,587800.9989697405,5731493.905440283
03159,28737.link:434993,586744.6369460663,5731237.549213932
03159,28737.link:876733,586744.6369460663,5731237.549213932
03159,288964.link:507964,588798.810275936,5733341.827655489
03159,288964.link:507965,588798.810275936,5733341.827655489
03159,292037.link:805494,586851.0436944438,5731906.18124659
03159,293561.link:521539,583653.2118201877,5737884.7959833555
03159,298476.link:76270,564212.0213243705,5709904.378509562
03159,298476.link:76271,564212.0213243705,5709904.378509562
03159,299168.link:682079,602190.0260556053,5721337.209281306
03159,301600.link:200486,612520.2158703852,5720288.286445517
03159,301600.link:200487,612520.2158703852,5720288.286445517
03159,30550.link:14863,586019.7144613509,5731302.328000189
03159,30550.link:14864,586019.7144613509,5731302.328000189
03159,311552.link:836033,590113.3051778568,5734941.989636117
03159,311552.link:836034,590113.3051778568,5734941.989636117
03159,312162.link:28772,586362.8299552344,5741433.166187369
03159,312162.link:28773,586362.8299552344,5741433.166187369
03159,312195.link:29280,592014.0412538447,5722347.3643597625
03159,312195.link:630144,592014.0412538447,5722347.3643597625
03159,312317.link:234495,601406.0003866118,5720596.950039562
03159,31325.link:243681,603083.01818827,5721665.177105846
03159,31325.link:243682,603083.01818827,5721665.177105846
03159,315673.link:83298,601251.705484054,5720459.799970639
03159,317013.link:843657,587492.8018935014,5740443.156522532
03159,318412.link:893866,586996.5106193455,5730425.801182037
03159,321188.link:843967,592920.1067049131,5723159.6877596965
03159,322021.link:667424,609560.4182103362,5723778.463915476
03159,327858.link:815562,590568.0989868166,5735169.976306721
03159,327858.link:815563,590568.0989868166,5735169.976306721
03159,33676.link:583805,609516.4460516945,5720005.516067115
03159,33676.link:583806,609516.4460516945,5720005.516067115
03159,344628.link:2257,585917.0107515604,5740328.973525759
03159,344628.link:2258,585917.0107515604,5740328.973525759
03159,358774.link:172673,607703.1357818914,5717404.681190025
03159,358774.link:172674,607703.1357818914,5717404.681190025
03159,358774.link:443819,607703.1357818914,5717404.681190025
03159,358774.link:549951,607703.1357818914,5717404.681190025
03159,36004.link:190473,582608.4639302582,5737623.348362366
03159,360266.link:5612,609796.3176219529,5722291.603571844
03159,360266.link:5613,609796.3176219529,5722291.603571844
03159,363482.link:113490,601462.992072674,5720562.158624569
03159,373537.link:21159,586109.8512630227,5732301.949191773
03159,373537.link:21160,586109.8512630227,5732301.949191773
03159,373537.link:830802,586109.8512630227,5732301.949191773
03159,373537.link:830803,586109.8512630227,5732301.949191773
03159,373936.link:329681,588192.0233808676,5733044.152554444
03159,37964.link:200472,612640.138072972,5719119.827998642
03159,37964.link:200473,612640.138072972,5719119.827998642
03159,380461.link:85502,609554.6974740076,5722385.381165891
03159,382488.link:21151,586063.985532535,5732091.804053597
03159,382488.link:21152,586063.985532535,5732091.804053597
03159,382488.link:830798,586063.985532535,5732091.804053597
03159,382488.link:832052,586063.985532535,5732091.804053597
03159,382488.link:832060,586063.985532535,5732091.804053597
03159,382587.link:14691,595243.1319013728,5720698.631406961
03159,387454.link:368180,586255.8234445973,5731667.0167781925
03159,387454.link:776838,586255.8234445973,5731667.0167781925
03159,387454.link:932614,586255.8234445973,5731667.0167781925
03159,387454.link:932615,586255.8234445973,5731667.0167781925
03159,39196.link:33950,584152.7437847177,5740475.553623879
03159,39196.link:33951,584152.7437847177,5740475.553623879
03159,392321.link:499697,583848.7667592568,5734267.076481799
03159,392321.link:499698,583848.7667592568,5734267.076481799
03159,392550.link:731720,582941.1328419488,5738068.790396622
03159,394222.link:847540,602978.0779444159,5721389.355022433
03159,394222.link:847541,602978.0779444159,5721389.355022433
03159,394450.link:831769,581987.5445679334,5737980.178313862
03159,398587.link:301486,610537.4929682565,5726337.137694603
03159,401142.link:412284,597909.8832434593,5719950.340035596
03159,409297.link:147488,584650.7393871404,5737994.59863701
03159,414472.link:2580,582019.6962500638,5738800.562346749
03159,418628.link:329682,588045.143909032,5732932.562491356
03159,421710.link:831768,581968.2716583003,5737960.507914335
03159,424374.link:776186,564196.6495094212,5709935.105565591
03159,426584.link:18703,585365.2361760783,5740654.640796329
03159,438235.link:830594,595916.9779479954,5735403.115669371
03159,438950.link:50612,610541.037289026,5726364.807799191
03159,439652.link:602759,601795.5432062745,5721120.430932204
03159,442319.link:636046,588075.4747012486,5730042.273822812
03159,446427.link:108691,587205.4174068931,5730112.808709513
03159,448892.link:114177,609488.3819183648,5722404.527094561
03159,452650.link:876339,609388.4601475731,5715362.52864067
03159,452650.link:876340,609388.4601475731,5715362.52864067
03159,457524.link:58538,602691.1628317169,5722180.872082567
03159,457524.link:58539,602691.1628317169,5722180.872082567
03159,459215.link:602758,601811.9845456867,5721136.003540337
03159,459215.link:887576,601811.9845456867,5721136.003540337
03159,461732.link:672396,587943.0279513237,5730345.885486435
03159,466231.link:176774,587402.3460683813,5731528.136457734
03159,46906.link:362933,584709.3489802383,5740051.718553178
03159,473989.link:432120,611846.4740745155,5716414.972660793
03159,473989.link:432121,611846.4740745155,5716414.972660793
03159,47465.link:836031,589808.4191349564,5734772.563204938
03159,47465.link:836032,589808.4191349564,5734772.563204938
03159,477061.link:818954,607294.3938164659,5717515.824844309
03159,47928.link:127895,599772.9872191092,5719861.03111945
03159,47928.link:832137,599772.9872191092,5719861.03111945
03159,482011.link:333449,595839.9945705316,5734634.796475039
03159,487348.link:521586,607486.9867011447,5713718.080470601
03159,49080.link:682080,602167.4021690111,5721326.183071663
03159,49425.link:131742,585129.708079038,5740066.83095882
03159,49425.link:736152,585129.708079038,5740066.83095882
03159,500981.link:682082,602607.2221036094,5721395.165906355
03159,50584.link:412294,598093.0516448047,5719910.723783358
03159,514400.link:351226,611404.0208439654,5716178.586198588
03159,514400.link:351227,611404.0208439654,5716178.586198588
03159,51459.link:834656,608017.9898029746,5716946.782390873
03159,51459.link:834657,608017.9898029746,5716946.782390873
03159,515020.link:507966,588976.0249357994,5733736.096731512
03159,515923.link:240135,607453.9998754385,5717155.06913155
03159,515923.link:240137,607453.9998754385,5717155.06913155
03159,530132.link:337641,589402.5866240192,5732128.020648572
03159,530132.link:337642,589402.5866240192,5732128.020648572
03159,532614.link:412286,598395.8889608015,5719938.632793533
03159,537835.link:647615,583412.0273842107,5736606.273802796
03159,537835.link:647616,583412.0273842107,5736606.273802796
03159,539100.link:389890,587256.3724115018,5729612.089113908
03159,539538.link:354000,607192.334630964,5714977.925318844
03159,539538.link:354001,607192.334630964,5714977.925318844
03159,54327.link:682081,602624.0009237278,5721393.948888755
03159,544911.link:641622,601000.8126201759,5720183.551560778
03159,544911.link:641623,601000.8126201759,5720183.551560778
03159,552628.link:573637,564253.3619076696,5709915.468495014
03159,556777.link:581347,599791.3447148623,5719860.72571585
03159,558058.link:521538,583648.425082994,5737873.925726387
03159,561749.link:2581,582015.2497828081,5738755.992646651
03159,561803.link:830593,595922.9924458727,5735402.67403116
03159,564970.link:21928,596140.9661419298,5720394.000619277
03159,571061.link:353004,582951.5849981962,5738083.424425502
03159,573242.link:186182,588357.0033002812,5730211.842369715
03159,583011.link:487484,607756.0802703291,5713464.4573470615
03159,583129.link:305198,613366.9038583321,5722293.652459601
03159,583129.link:305199,613366.9038583321,5722293.652459601
03159,589329.link:76271,564217.7788095042,5709898.889936689
03159,58953.link:610865,582039.3792807613,5739048.51029633
03159,597045.link:333435,595003.3334718181,5734450.061227722
03159,597045.link:333436,595003.3334718181,5734450.061227722
03159,602592.link:pt_602592,589544.5208362461,5734712.016531768
03159,603336.link:113491,601482.6203987054,5720598.486905088
03159,604755.link:142476,586523.7316171745,5731638.01374718
03159,605460.link:329692,587523.3430394719,5732492.616835188
03159,605460.link:329693,587523.3430394719,5732492.616835188
03159,614171.link:362932,584703.3066039796,5740046.054475482
03159,616472.link:873020,592179.001934154,5722880.792079801
03159,617660.link:916448,585666.0759723549,5732078.01483615
03159,617660.link:916449,585666.0759723549,5732078.01483615
03159,624583.link:916444,585319.2353147663,5732421.768831005
03159,624583.link:916445,585319.2353147663,5732421.768831005
03159,627740.link:885360,583299.0090616437,5735904.57036278
03159,627740.link:885361,583299.0090616437,5735904.57036278
03159,63305.link:412317,596923.4464962782,5720199.675696135
03159,639133.link:147162,587942.2238062738,5730336.526883236
03159,639133.link:147163,587942.2238062738,5730336.526883236
03159,641312.link:28231,586110.8320661725,5731290.534700002
03159,644348.link:412287,598406.0279118362,5719937.161272541
03159,646917.link:158968,587471.2782915069,5729693.12726611
03159,650098.link:147489,584653.5419503872,5737983.855111153
03159,650951.link:329684,587750.2231038915,5732671.885926222
03159,650951.link:329685,587750.2231038915,5732671.885926222
03159,651061.link:240145,607532.721627519,5717213.592271029
03159,65827.link:333447,595266.2586620472,5734465.153003221
03159,65827.link:333448,595266.2586620472,5734465.153003221
03159,666984.link:815270,600190.0198711992,5719881.844912227
03159,670284.link:610843,584317.5916638423,5733164.696858863
03159,670284.link:610844,584317.5916638423,5733164.696858863
03159,672274.link:843981,592755.1186053941,5723669.281675661
03159,672953.link:610866,582053.0984142144,5739032.047744588
03159,68250.link:465348,592020.781579087,5722266.054938296
03159,68250.link:465349,592020.781579087,5722266.054938296
03159,684005.link:21927,595975.986799145,5720443.93275118
03159,686696.link:641630,600652.9496311174,5720000.840006409
03159,686696.link:641631,600652.9496311174,5720000.840006409
03159,7785.link:235824,609027.9788779238,5715766.074461387
03159,7785.link:271523,609027.9788779238,5715766.074461387
03159,7785.link:271524,609027.9788779238,5715766.074461387
03159,82096.link:292726,586751.6314863677,5731433.237251847
03159,82126.link:469617,609532.4114279007,5720451.56180338
03159,82126.link:469618,609532.4114279007,5720451.56180338
03159,85320.link:85459,609963.2478995962,5719452.909245684
03159,85320.link:85462,609963.2478995962,5719452.909245684
03159,863.link:268729,586100.7446996925,5731359.333639751
03159,863.link:842525,586100.7446996925,5731359.333639751
03159,92182.link:39964,582977.6695626721,5738070.505553055
03159,92182.link:39965,582977.6695626721,5738070.505553055
03159,92349.link:234427,609650.3484262236,5721275.315045377
03159,92349.link:234428,609650.3484262236,5721275.315045377
03159,93053.link:412285,597889.9199241883,5719979.991059758
03241,104635.link:748014,555446.3310548135,5800823.54066627
03241,10932.link:350551,575418.9041683214,5799961.449041503
03241,123006.link:701722,556787.6606825293,5801558.881188572
03241,125711.link:671634,558046.1566515065,5801350.396642691
03241,134433.link:130588,566077.9261440778,5796531.860880737
03241,135908.link:354386,556442.1381105715,5801496.397668472
03241,137277.link:639554,552643.0856218202,5801537.54726137
03241,137277.link:639555,552643.0856218202,5801537.54726137
03241,137724.link:664582,561232.3641015488,5800276.531683234
03241,146242.link:826745,564419.5048868882,5798543.030855793
03241,147312.link:752503,568695.005670763,5796614.766898258
03241,150662.link:661960,562077.4315407072,5799357.107404362
03241,158881.link:483512,575907.4577055564,5800428.635155259
03241,16669.link:699828,568357.9422279089,5796678.391128714
03241,175112.link:740671,569765.1196090668,5796778.850474747
03241,178084.link:397569,554312.8752455458,5800797.680191574
03241,179747.link:29760,573797.9759151852,5805120.81997119
03241,179747.link:29761,573797.9759151852,5805120.81997119
03241,184038.link:150151,575659.9749819642,5801043.604734711
03241,184038.link:150152,575659.9749819642,5801043.604734711
03241,188801.link:266427,565801.6334989318,5796585.904929877
03241,189429.link:322759,560217.4242638433,5800553.258221679
03241,191741.link:655138,550442.9587624678,5803202.472546848
03241,191741.link:655139,550442.9587624678,5803202.472546848
03241,206817.link:469483,551406.5846679448,5800849.4899576055
03241,20841.link:936159,563251.6474927139,5799722.116828595
03241,22922.link:31880,550562.4318861372,5802433.699616313
03241,235286.link:664580,560565.7488581655,5800495.2305737045
03241,244561.link:639544,568145.9440622604,5796770.017806329
03241,247825.link:126747,552963.3258548237,5801630.416464986
03241,249168.link:179090,571490.9606545104,5795849.384148792
03241,25083.link:126097,580363.7472026563,5808093.465131265
03241,25083.link:126098,580363.7472026563,5808093.465131265
03241,251852.link:551752,556335.3726131539,5800934.519815351
03241,264049.link:781073,550342.6100706407,5802816.335350876
03241,268768.link:302160,558835.3925631762,5801298.241018358
03241,269684.link:624851,571468.1713736176,5796956.744775375
03241,273565.link:789658,575638.0920539702,5801071.303908719
03241,273565.link:789659,575638.0920539702,5801071.303908719
03241,275952.link:158741,550438.1854948407,5803442.478106479
03241,275952.link:158742,550438.1854948407,5803442.478106479
03241,275952.link:925661,550438.1854948407,5803442.478106479
03241,276767.link:148499,566342.856628229,5803386.357926725
03241,276767.link:148500,566342.856628229,5803386.357926725
03241,278794.link:858337,575870.4385560703,5798539.590692164
03241,283339.link:157949,557543.0696684974,5801465.415174072
03241,28961.link:673032,551337.6793893191,5800827.63616789
03241,293826.link:156706,552218.1068451847,5801115.430969044
03241,303373.link:179087,571495.3147866036,5795930.101546091
03241,309656.link:639545,568152.9086985816,5796754.428336494
03241,314918.link:752504,568708.0497508657,5796603.378911907
03241,317855.link:350548,575896.4492306315,5800311.763837024
03241,318899.link:279274,565042.2487310786,5797235.293693007
03241,343397.link:465004,566487.1485776703,5796616.230156884
03241,34582.link:322758,560206.8446371554,5800566.144368099
03241,348063.link:488887,551300.0594434233,5800679.296261846
03241,348063.link:488888,551300.0594434233,5800679.296261846
03241,359491.link:437130,565966.1582102269,5796554.171904134
03241,360648.link:713708,556349.2066791125,5800957.704921649
03241,371714.link:302159,558856.1878085636,5801296.3757780455
03241,374546.link:198260,554224.8772927036,5800784.919628828
03241,378581.link:693521,555024.3589897547,5800806.240662185
03241,395079.link:911147,530667.5467395557,5808096.737969804
03241,395079.link:911148,530667.5467395557,5808096.737969804
03241,397053.link:327705,550494.2011750701,5801338.073251221
03241,398480.link:242717,565281.9704931005,5796886.593616214
03241,409133.link:274465,558480.4320239662,5801256.526552176
03241,412015.link:710574,550846.685393696,5800673.707673723
03241,41372.link:661961,562069.492572869,5799359.89977759
03241,429239.link:317937,557487.7068258004,5801494.025458115
03241,433473.link:354387,556462.1490324453,5801509.308472238
03241,448734.link:610562,559470.976436724,5801004.960525161
03241,458427.link:701706,556808.7105193826,5801540.657777026
03241,466850.link:458789,575859.3452617689,5800770.323515736
03241,477343.link:915797,551426.6224814169,5800685.0649524415
03241,492186.link:740668,569785.7989038113,5796786.93015866
03241,49453.link:458790,575862.6155656055,5800757.023790767
03241,500401.link:664583,561226.9077652409,5800271.569199652
03241,505730.link:661958,562168.5482011738,5799171.922789914
03241,506699.link:779681,551900.8502048375,5800974.142088891
03241,50861.link:610561,559469.5975622295,5801017.625532289
03241,509891.link:779677,551623.8623318508,5800901.262891741
03241,514098.link:488889,571640.2301933491,5795694.133341151
03241,519099.link:279273,565034.8811747772,5797282.2529457845
03241,527761.link:936158,563243.2027094879,5799711.217814815
03241,530949.link:668768,558408.6227347753,5801275.698354022
03241,547191.link:468879,584216.3794872334,5809834.036146179
03241,547191.link:468880,584216.3794872334,5809834.036146179
03241,547806.link:624850,571463.9839523026,5796906.956482314
03241,557773.link:553375,553970.4341935881,5801055.9998791935
03241,559400.link:693520,554999.807570482,5800815.088315265
03241,559476.link:862740,556334.1784972507,5801199.816473776
03241,560273.link:573374,568553.5696677984,5796568.301602254
03241,562753.link:156707,552229.6270183335,5801127.3444669135
03241,563484.link:266922,558430.3776675494,5801244.586015077
03241,563484.link:668767,558430.3776675494,5801244.586015077
03241,568427.link:553374,554008.332755348,5801003.575994472
03241,569446.link:748015,555457.2400786511,5800834.676264186
03241,57380.link:647837,550354.1854882361,5801803.844035083
03241,584148.link:748022,555780.5107999758,5800924.425430423
03241,600794.link:288297,575879.7490597961,5798572.330240293
03241,603928.link:671633,557865.6878432583,5801401.336199051
03241,609524.link:50811,550336.813283048,5801651.269054652
03241,616265.link:779682,551898.9306130805,5800981.79739333
03241,616654.link:699829,568342.6470965286,5796675.175630079
03241,621304.link:664575,560939.3175700632,5800467.797571011
03241,627123.link:427383,550383.4645959464,5802110.384544362
03241,627123.link:427384,550383.4645959464,5802110.384544362
03241,63728.link:465003,566519.90368259,5796639.254328332
03241,637705.link:431757,552975.2896872677,5801651.458214984
03241,639811.link:819740,565253.3350052952,5796922.925497958
03241,639811.link:893392,565253.3350052952,5796922.925497958
03241,639811.link:893393,565253.3350052952,5796922.925497958
03241,653336.link:862739,556337.3319027037,5801245.683922737
03241,653578.link:779678,551619.4704632758,5800910.89470592
03241,655887.link:826744,564421.4782581124,5798532.822155764
03241,663498.link:743427,550568.7613913019,5802414.075258092
03241,664315.link:661957,562197.2772074909,5799173.953767417
03241,667041.link:266389,565651.8262498276,5796659.444651023
03241,676554.link:91792,560533.9063356247,5800492.169529107
03241,680574.link:748023,555764.6087600411,5800927.248953727
03241,75897.link:664574,560934.313257866,5800475.856440762
03241,7702.link:710573,550838.7077812694,5800674.515280937
03241,85250.link:327706,550506.1220048395,5801304.601258408
03241,87052.link:705577,571616.3290442295,5795691.784057423
03254,100396.link:856717,579485.9443352673,5771213.523628868
03254,105232.link:53152,576901.00512407,5773311.381411834
03254,117343.link:28069,579980.1108575644,5759969.630930747
03254,131077.link:97549,570759.5555067754,5773111.502837526
03254,145142.link:64009,570886.9005371834,5780607.134201163
03254,145445.link:849103,580969.8510988173,5775620.978261139
03254,145445.link:849104,580969.8510988173,5775620.978261139
03254,146729.link:928547,578050.4330272634,5767585.420683699
03254,149461.link:702972,583083.6083718394,5785840.916639628
03254,149461.link:702973,583083.6083718394,5785840.916639628
03254,149697.link:240479,578999.6942263453,5763667.282019855
03254,152356.link:630199,581259.474913674,5785193.761311531
03254,157192.link:569297,577229.8269001527,5762692.537425089
03254,157192.link:569330,577229.8269001527,5762692.537425089
03254,157192.link:569423,577229.8269001527,5762692.537425089
03254,157192.link:569432,577229.8269001527,5762692.537425089
03254,157192.link:628164,577229.8269001527,5762692.537425089
03254,163848.link:630252,580270.5975163316,5784956.137137376
03254,168399.link:343695,575545.8633443168,5784263.956872969
03254,16966.link:457771,570221.4780903237,5774216.524683528
03254,187645.link:193104,566896.2284777404,5775903.243574567
03254,193222.link:421297,574952.5014725747,5782329.5939647425
03254,195707.link:264546,578062.8145610775,5766169.011779839
03254,195707.link:610780,578062.8145610775,5766169.011779839
03254,198269.link:224448,577416.1031974566,5767970.1096884115
03254,200701.link:227162,565858.3591749902,5778111.307857116
03254,200701.link:451146,565858.3591749902,5778111.307857116
03254,206533.link:462595,575368.386595817,5782490.7549786605
03254,210243.link:732667,577706.9934509601,5763178.299304899
03254,2167.link:928548,578045.041877386,5767579.328938511
03254,21755.link:114316,564933.5476564324,5780059.193738648
03254,225349.link:630200,581269.9484640609,5785192.709394123
03254,234223.link:272975,575517.6584698448,5773514.671421935
03254,234994.link:608093,575178.6988572086,5782076.817445388
03254,242473.link:645982,572540.3821619208,5780229.110935824
03254,242517.link:182000,578125.6707770104,5758881.115212422
03254,247179.link:300487,570651.0519596662,5786203.604887846
03254,256592.link:64010,570928.9479429269,5780632.3202759195
03254,258241.link:506512,573237.7948434564,5781686.885692672
03254,260636.link:375896,565039.0540694114,5779164.638541004
03254,260636.link:375897,565039.0540694114,5779164.638541004
03254,265737.link:328078,579251.5783345434,5773517.166709412
03254,273480.link:418194,566453.5908478121,5779796.322055851
03254,273966.link:673665,578338.8919717186,5772467.660051884
03254,273966.link:673666,578338.8919717186,5772467.660051884
03254,278454.link:339129,572497.587076289,5780213.2447745595
03254,280829.link:440860,566416.392733885,5779774.688001923
03254,284684.link:229377,568064.8775988956,5774008.760814057
03254,285863.link:418791,566566.1784056885,5776393.278067736
03254,287113.link:569859,575271.063405516,5782465.358175245
03254,289582.link:125117,565887.3645072888,5779725.140243368
03254,297140.link:391989,570695.8683348285,5784049.317175564
03254,300046.link:31260,565905.1753870884,5777775.5352023
03254,300046.link:31261,565905.1753870884,5777775.5352023
03254,304924.link:630211,580585.7249574848,5784906.296198668
03254,305041.link:508928,584467.7334818352,5782480.0294283265
03254,305041.link:508929,584467.7334818352,5782480.0294283265
03254,306685.link:405283,567340.2917726565,5774542.862615124
03254,308073.link:819774,577540.050054011,5761738.420888628
03254,308073.link:901111,577540.050054011,5761738.420888628
03254,310039.link:361639,565406.3970447073,5778119.793822384
03254,317274.link:622611,577712.8475881967,5772162.03383456
03254,317451.link:359243,580379.2394105792,5769611.7800136
03254,320249.link:403764,568939.8221810116,5782149.670014128
03254,324950.link:271836,565095.5234419549,5779188.73960507
03254,327110.link:494335,578652.0163474819,5772363.135036876
03254,327617.link:259435,565387.2629706301,5779665.351040494
03254,329991.link:358958,574988.5291987893,5767873.119142115
03254,337056.link:846947,577451.5017714747,5767951.637039044
03254,341075.link:159937,565993.7211047484,5776993.5724053485
03254,343010.link:359257,580068.1035448606,5769161.776644157
03254,343990.link:264545,578053.6217676034,5766164.640458571
03254,343990.link:610779,578053.6217676034,5766164.640458571
03254,355479.link:717910,576838.3143192509,5786757.5517850965
03254,355479.link:770506,576838.3143192509,5786757.5517850965
03254,355479.link:770507,576838.3143192509,5786757.5517850965
03254,357960.link:96093,572951.6833853994,5785266.343624517
03254,362904.link:844779,578570.336948554,5764309.839628262
03254,372693.link:630210,580628.9345230474,5784892.759294354
03254,37285.link:361638,565379.7295165546,5778139.020982045
03254,373761.link:844780,578577.1081203016,5764306.942693557
03254,382331.link:128067,569496.4461610905,5779423.40617012
03254,391316.link:731174,573029.9908025499,5785118.42768353
03254,394152.link:272976,575713.9563763189,5773475.606134928
03254,401244.link:346476,565222.8066874244,5779332.2435262315
03254,401244.link:346477,565222.8066874244,5779332.2435262315
03254,401244.link:631628,565222.8066874244,5779332.2435262315
03254,401244.link:631629,565222.8066874244,5779332.2435262315
03254,401323.link:421296,574927.2618694531,5782334.663524798
03254,403347.link:397998,571059.1639734884,5784277.671661261
03254,404440.link:930033,579692.4646647233,5768848.37425331
03254,407308.link:494335,578692.3968582111,5772339.966910355
03254,407308.link:494336,578692.3968582111,5772339.966910355
03254,409619.link:590861,569360.6930554418,5773606.065795917
03254,419880.link:493663,567662.5973830689,5780907.957758418
03254,422578.link:797211,568021.2249721314,5774005.604719686
03254,422810.link:195106,565509.6515434083,5778493.702332316
03254,422960.link:590860,569398.1992396188,5773608.14660296
03254,42339.link:150086,578404.9666150451,5762474.359469078
03254,42339.link:341275,578404.9666150451,5762474.359469078
03254,42339.link:341276,578404.9666150451,5762474.359469078
03254,42532.link:558983,577539.5531987342,5761730.626054035
03254,42532.link:901111,577539.5531987342,5761730.626054035
03254,43002.link:481718,578250.2013836592,5770282.381296871
03254,43002.link:856820,578250.2013836592,5770282.381296871
03254,433395.link:920223,565076.4284186893,5778249.947700061
03254,434760.link:645993,572883.0616404847,5780077.6114865085
03254,442839.link:607348,578375.4217709161,5770344.091045572
03254,448269.link:548403,576680.204945246,5783611.670363864
03254,448269.link:697225,576680.204945246,5783611.670363864
03254,448269.link:816873,576680.204945246,5783611.670363864
03254,451939.link:851555,581862.2305030795,5783978.9236715445
03254,451939.link:851556,581862.2305030795,5783978.9236715445
03254,45204.link:pt_45204,577912.1421228219,5767210.137586229
03254,455440.link:184382,578882.6556404517,5763698.469520937
03254,457670.link:651221,576563.6659852101,5759526.615733802
03254,457670.link:890597,576563.6659852101,5759526.615733802
03254,457934.link:650149,578483.2820129883,5758901.961535225
03254,457934.link:650150,578483.2820129883,5758901.961535225
03254,458290.link:101703,566722.9864053996,5779002.332157481
03254,458295.link:98953,566690.4904611084,5778997.000724411
03254,458663.link:86119,576880.2164573993,5773304.607642303
03254,459065.link:451149,565736.9303407775,5778134.393981746
03254,45963.link:343700,575541.8261036159,5784367.355436856
03254,463183.link:645994,572874.7982772563,5780095.289339394
03254,463863.link:11808,578346.1055556389,5772427.279820808
03254,463863.link:11809,578346.1055556389,5772427.279820808
03254,464342.link:272977,575767.4425186341,5773476.420953785
03254,468465.link:717909,576847.7802118259,5786781.505919766
03254,469726.link:580033,570685.7920207038,5783121.614710501
03254,470832.link:731155,565098.7374886821,5779173.207994253
03254,471304.link:651220,576565.9656456143,5759533.436846794
03254,471304.link:651221,576565.9656456143,5759533.436846794
03254,481045.link:920220,565146.201498329,5778230.950734427
03254,488129.link:846546,580074.8468201003,5762104.954982149
03254,488749.link:183728,569875.3390091178,5772398.9499449385
03254,488749.link:183729,569875.3390091178,5772398.9499449385
03254,493077.link:667108,578326.8447742875,5783986.745334724
03254,493077.link:667109,578326.8447742875,5783986.745334724
03254,514085.link:345755,579216.441544337,5785764.639101641
03254,514085.link:345758,579216.441544337,5785764.639101641
03254,515419.link:28066,579996.8390117539,5759928.738030979
03254,515943.link:426580,571179.867141853,5772935.841926997
03254,518969.link:619283,577737.0331204555,5762792.302793399
03254,521444.link:97550,570761.8833919631,5773121.214099995
03254,524544.link:546229,573193.1703181012,5772829.351043383
03254,526034.link:30759,577262.1009729949,5768207.452360175
03254,526034.link:30760,577262.1009729949,5768207.452360175
03254,541818.link:328077,579252.8926020766,5773512.070271045
03254,542499.link:481838,577021.3329860416,5772614.617652075
03254,542499.link:718026,577021.3329860416,5772614.617652075
03254,55014.link:240478,579000.836012597,5763673.196125476
03254,552985.link:506511,573142.1074403282,5781636.970197596
03254,563666.link:397997,571067.9432604577,5784266.005610559
03254,568030.link:731217,565121.9916809296,5779184.192256643
03254,568358.link:440850,567083.3463432135,5780126.0645981645
03254,570688.link:184383,578881.9325268845,5763705.132820479
03254,571222.link:513391,565905.2895236147,5779714.69910373
03254,572027.link:418792,566581.5616551428,5776394.70790834
03254,576490.link:546230,573170.4683594324,5772826.458335473
03254,579205.link:548398,575831.3536057333,5784626.535645952
03254,586412.link:426581,571174.1920118211,5772944.660142257
03254,589884.link:682599,566700.3020819353,5778312.661194985
03254,589884.link:682600,566700.3020819353,5778312.661194985
03254,591069.link:856327,578153.2646520515,5769789.928074937
03254,592567.link:300488,570668.1079544711,5786167.026131152
03254,59296.link:412282,579116.1571254655,5772048.324552214
03254,59296.link:412283,579116.1571254655,5772048.324552214
03254,598587.link:543991,565359.4064981523,5778284.479309643
03254,603240.link:856326,578135.4462305438,5769745.928559658
03254,60375.link:440851,567042.5774734444,5780095.700544416
03254,606577.link:555672,579405.2032321489,5773685.933227507
03254,606577.link:555673,579405.2032321489,5773685.933227507
03254,608563.link:846545,580065.5677562658,5762105.584813395
03254,612690.link:731245,565063.3539776054,5779153.276747324
03254,619458.link:683451,566894.494158652,5775894.7658664575
03254,621981.link:760934,575787.8828897943,5770114.898374884
03254,627379.link:735183,569484.4251341848,5779402.435311543
03254,628615.link:936269,579863.0990137054,5758566.95651102
03254,633034.link:548397,575835.5154054932,5784635.944158112
03254,63379.link:87606,565132.3717863776,5779143.947912647
03254,642609.link:328089,579679.6859403849,5773642.822089612
03254,642609.link:328090,579679.6859403849,5773642.822089612
03254,649838.link:292264,565080.7363581609,5779142.491794658
03254,649838.link:731201,565080.7363581609,5779142.491794658
03254,663894.link:936268,579863.2448033325,5758557.8367320765
03254,665556.link:439098,575354.9070912591,5757717.334267162
03254,667664.link:683438,567353.747154728,5774499.994492764
03254,669000.link:391990,570690.7518935077,5784019.875540258
03254,670776.link:345756,579210.9222436805,5785763.660816175
03254,670776.link:345758,579210.9222436805,5785763.660816175
03254,676574.link:580034,570675.3789957192,5783075.188434411
03254,676840.link:731201,565107.9021863198,5779131.724006413
03254,678486.link:403761,568923.4012477947,5782224.197408411
03254,684679.link:611342,576594.6154856005,5765824.621426764
03254,686217.link:849266,580962.5014222988,5775618.188513029
03254,686217.link:849267,580962.5014222988,5775618.188513029
03254,687265.link:630253,580249.7818376381,5784992.2899268335
03254,73317.link:797906,574653.9755462043,5780370.823506231
03254,77265.link:725885,567560.4156890879,5780918.134062271
03254,79959.link:856716,579492.0617903295,5771212.397643222
03254,79959.link:856717,579492.0617903295,5771212.397643222
03254,80863.link:418194,566738.0531300958,5779937.19052273
03254,81938.link:797907,574686.3545704003,5780382.880501643
03254,83270.link:316433,565953.5278486782,5777010.169592355
03254,88157.link:621079,577817.4095843239,5762700.555169907
03254,89948.link:418195,566757.7236810442,5779939.457521993
03254,91426.link:470375,557543.6038053535,5787243.651403954
03254,91426.link:470376,557543.6038053535,5787243.651403954
03254,96473.link:608092,575185.4366887307,5782078.922060952
03254,96528.link:259436,565331.4406611498,5779660.166057015
03254,97202.link:917212,565490.827056048,5778525.380175342
03254,9965.link:182001,578126.1724024785,5758888.576426927
03254,99687.link:pt_99687,577906.4425360136,5767223.731671981
03257,192864.link:805419,519673.9079947938,5800487.156140007
03257,358852.link:467706,526485.1070969572,5803337.459507219
03257,358852.link:467707,526485.1070969572,5803337.459507219
03257,530099.link:168966,508166.63450568327,5795288.827508544
03257,6864.link:288215,503243.873319465,5790809.867923469
03257,6864.link:288216,503243.873319465,5790809.867923469
03257,8962.link:169727,512907.5275131723,5798075.124797374
03257,8962.link:169728,512907.5275131723,5798075.124797374
03351,105954.link:256201,591749.867982236,5836480.223220783
03351,106310.link:124935,591340.2464556347,5835087.259169337
03351,114256.link:236525,589503.765309919,5839946.64079489
03351,13209.link:277030,593122.3317042812,5827386.6103603365
03351,138723.link:187382,593649.2216194111,5827517.071472301
03351,139995.link:257201,592216.5460032708,5827843.9774720045
03351,172231.link:256266,592959.5335173649,5837238.636195719
03351,175136.link:251989,591318.1595140467,5835110.544974034
03351,187432.link:138585,584085.6764630531,5830079.455279824
03351,200966.link:458650,588968.7034249984,5832321.305398312
03351,208346.link:750286,587183.7802158059,5829506.50696438
03351,20873.link:613135,586945.2618412931,5833288.9676819155
03351,212725.link:256238,591665.6113036582,5836550.960386807
03351,215417.link:415555,586912.5113492731,5829837.46027555
03351,215417.link:415556,586912.5113492731,5829837.46027555
03351,226642.link:661735,592751.7670159729,5827394.8049389925
03351,22768.link:615033,584008.7745373175,5830168.141036741
03351,238332.link:124934,591344.0812444219,5835073.97909315
03351,238332.link:pt_238332,591344.0812444219,5835073.97909315
03351,244309.link:256200,591704.069989921,5836458.999041212
03351,255077.link:324408,588257.9595701293,5832692.5876053525
03351,258357.link:878227,593094.8323116271,5834613.080153407
03351,259739.link:256267,592933.7496634036,5837250.161028837
03351,259739.link:256269,592933.7496634036,5837250.161028837
03351,278486.link:124456,591675.9456576731,5834732.280270607
03351,278486.link:251980,591675.9456576731,5834732.280270607
03351,280296.link:161489,588169.3466481495,5836437.467851611
03351,300760.link:511932,583567.680875845,5829405.891242462
03351,304712.link:914226,585526.8722877414,5833078.076695914
03351,309020.link:693911,585363.752550356,5831929.666385647
03351,309020.link:693912,585363.752550356,5831929.666385647
03351,323028.link:252268,593832.9119926896,5828392.926427804
03351,333904.link:324409,588267.6307159871,5832689.3134421315
03351,33762.link:458651,588974.076647071,5832323.628686666
03351,351920.link:714463,589837.1575127896,5834298.266562884
03351,381056.link:572417,593426.648845063,5834631.668235607
03351,381056.link:572418,593426.648845063,5834631.668235607
03351,398268.link:613164,587559.9923939314,5829203.038979625
03351,415086.link:80177,589874.3948545029,5827664.250030456
03351,43365.link:80175,589474.7640717699,5827851.959658615
03351,434258.link:256239,591663.8855457923,5836542.026574406
03351,445896.link:80176,589803.4226951418,5827691.539699574
03351,446273.link:138600,583737.0981581468,5830182.609774947
03351,448412.link:161490,588172.4858224081,5836450.876396186
03351,453865.link:162004,585268.817538315,5833162.233572408
03351,453865.link:162018,585268.817538315,5833162.233572408
03351,476576.link:251958,591022.5910861709,5839928.083380679
03351,482623.link:613136,586957.9940294463,5833296.093019239
03351,488833.link:256218,590909.0059164884,5838109.197824629
03351,495008.link:24197,587678.8945225796,5831968.611856078
03351,496253.link:174108,590703.3819804814,5838236.4345929995
03351,496357.link:914225,585511.1058134098,5833074.017301804
03351,496468.link:278251,592323.9906258193,5827845.116788448
03351,513058.link:252060,586916.3797365585,5833291.790694741
03351,521544.link:256232,590976.502692296,5837627.00562211
03351,540779.link:252061,586896.9524150577,5833272.974805887
03351,547034.link:878228,593087.0326519941,5834610.483312758
03351,549323.link:80174,589507.9078295367,5827829.201459039
03351,555999.link:613165,584779.2696624426,5833248.604408674
03351,555999.link:613166,584779.2696624426,5833248.604408674
03351,568973.link:682237,593479.5547987383,5828543.036438757
03351,581888.link:256210,592125.5862664378,5837628.914954386
03351,584893.link:174107,590787.2346290249,5838232.211662333
03351,591158.link:261428,589923.1542915835,5834562.883011654
03351,591158.link:261429,589923.1542915835,5834562.883011654
03351,591329.link:187381,593665.1731053422,5827526.278579027
03351,596073.link:251956,591012.1794040272,5839935.454778632
03351,597868.link:452765,584857.7750814791,5831338.163174271
03351,616505.link:750287,587170.069358719,5829519.502387335
03351,617517.link:251981,591657.054049743,5834736.598170314
03351,620000.link:256219,590951.6816750201,5838108.659645764
03351,626680.link:452764,584864.112329126,5831347.508080359
03351,640942.link:256211,592150.4660352136,5837614.920967239
03351,648085.link:324393,587276.9774060596,5829529.423203779
03351,659288.link:613208,593404.1952181535,5827644.120110421
03351,670932.link:256229,590967.5844515981,5837662.778078688
03351,673255.link:22508,585243.1435648253,5833198.389894059
03351,68806.link:277029,593144.5380961217,5827391.2617708
03351,77546.link:613161,587548.0124610277,5829213.8391738655
03351,83844.link:251988,591307.1237824416,5835107.334016077
03351,8600.link:714462,589806.6637558768,5834278.567101981
03351,94347.link:24198,587703.6897454727,5831975.1770323375
03351,95584.link:661736,592728.0473589725,5827402.032040583
03351,98261.link:125596,584160.0503044026,5830840.536674678
03351,98261.link:125597,584160.0503044026,5830840.536674678
03351,98261.link:125598,584160.0503044026,5830840.536674678
03358,618001.link:871056,559191.9376814134,5866563.25214636
03358,618001.link:920887,559191.9376814134,5866563.25214636
03360,301116.link:410261,612685.0989291308,5855238.059844268
03360,301116.link:410262,612685.0989291308,5855238.059844268
03360,301116.link:584359,612685.0989291308,5855238.059844268
03360,301116.link:584360,612685.0989291308,5855238.059844268
03360,339115.link:385066,604295.2253962447,5870037.362533667
03360,339115.link:385067,604295.2253962447,5870037.362533667
03360,519379.link:205247,611395.8808688379,5861606.039368459
03360,519379.link:205248,611395.8808688379,5861606.039368459
03360,653721.link:582352,607111.5448453521,5863160.605461568
03360,653721.link:582353,607111.5448453521,5863160.605461568
15003,142388.link:645409,680098.5119125191,5776447.308743612
15003,142388.link:645410,680098.5119125191,5776447.308743612
15003,142388.link:824520,680098.5119125191,5776447.308743612
15003,142388.link:824521,680098.5119125191,5776447.308743612
15003,329059.link:107118,679802.034329762,5778809.160549552
15003,329059.link:107119,679802.034329762,5778809.160549552
15003,329059.link:670678,679802.034329762,5778809.160549552
15003,329059.link:670679,679802.034329762,5778809.160549552
15003,372765.link:130387,680361.3907721818,5771106.079319811
15003,372765.link:130388,680361.3907721818,5771106.079319811
15003,411387.link:778282,680736.496520113,5780883.8049814245
15003,411387.link:778283,680736.496520113,5780883.8049814245
15003,411387.link:778296,680736.496520113,5780883.8049814245
15003,411387.link:778297,680736.496520113,5780883.8049814245
15003,494615.link:283269,679620.5311042996,5778876.966555427
15003,494615.link:833715,679620.5311042996,5778876.966555427
15003,517126.link:749113,683122.4030168446,5780593.835582617
15003,517126.link:749114,683122.4030168446,5780593.835582617
15003,583308.link:813720,681778.2785837316,5782882.332276828
15003,583308.link:813721,681778.2785837316,5782882.332276828
15003,637133.link:645464,680709.5962055752,5775171.573954443
15003,637133.link:645465,680709.5962055752,5775171.573954443
15003,659447.link:159562,677801.0329944484,5777614.11713088
15003,659447.link:159563,677801.0329944484,5777614.11713088
15081,100725.link:635821,645623.2635213577,5833336.0060297595
15081,100725.link:635822,645623.2635213577,5833336.0060297595
15081,11125.link:860396,643238.1731026919,5834473.539629303
15081,125627.link:416504,645848.3643400879,5853800.991794278
15081,129709.link:621209,655203.4084016739,5819792.977159676
15081,134100.link:752523,646150.4406502331,5833104.325303439
15081,134100.link:752524,646150.4406502331,5833104.325303439
15081,144196.link:247529,662159.672525429,5822211.517525983
15081,145392.link:286190,636806.7098276771,5825957.302690083
15081,145392.link:425518,636806.7098276771,5825957.302690083
15081,154276.link:659640,640713.2789380394,5841060.072826466
15081,177037.link:50571,669521.105529201,5822221.563542655
15081,178820.link:339654,641690.7257985285,5827560.12570798
15081,18076.link:13235,645923.3432821592,5857141.792103407
15081,183072.link:889994,640731.3167496125,5847868.561609676
15081,196691.link:339653,641682.7411353495,5827559.560239313
15081,216837.link:719486,644316.7870023432,5839007.501826031
15081,216837.link:719487,644316.7870023432,5839007.501826031
15081,235480.link:176048,641296.037540067,5839081.619531559
15081,237308.link:388238,645173.6601121104,5858698.064930933
15081,237308.link:388239,645173.6601121104,5858698.064930933
15081,247138.link:204685,634408.6467505777,5825457.488209248
15081,266918.link:828071,646006.2959613595,5854913.808482996
15081,276292.link:496175,638928.9955466968,5844629.866759516
15081,278412.link:784752,640612.1568385342,5825464.227806626
15081,280002.link:927964,626305.0825464715,5846157.333781679
15081,283142.link:796348,640349.4359505943,5846846.804328263
15081,286446.link:608520,642181.5740235373,5828014.387563105
15081,293614.link:797053,646893.9368717889,5856225.832119808
15081,305877.link:935656,638046.2963406858,5841676.99063152
15081,306972.link:492036,642354.6963513908,5850490.238548543
15081,308345.link:192500,645495.5288045509,5858635.156797862
15081,313147.link:215135,621385.0181354358,5843846.097185604
15081,320568.link:797052,645875.4699964928,5857254.227530635
15081,321741.link:66870,638632.0142373258,5831103.159045544
15081,321741.link:66871,638632.0142373258,5831103.159045544
15081,328273.link:304373,645585.4861998847,5858008.024340872
15081,337645.link:119681,639895.6103874729,5826960.438443793
15081,341829.link:796349,640352.4725745539,5846846.892104784
15081,347696.link:215134,621379.9737210582,5843845.192156111
15081,350891.link:90235,642669.4792220439,5837776.484376786
15081,353958.link:625769,669429.8285845482,5822229.53706739
15081,356350.link:416503,645852.296107795,5853818.253095309
15081,362085.link:288434,638046.3493522049,5841691.79597786
15081,362085.link:935661,638046.3493522049,5841691.79597786
15081,369022.link:119680,639892.4799526628,5826958.456628294
15081,370392.link:425498,637418.4719753652,5826065.95289578
15081,370392.link:425499,637418.4719753652,5826065.95289578
15081,378816.link:151638,641738.9695227419,5849775.3872501
15081,384528.link:744797,646704.9826870547,5855322.313727466
15081,403299.link:889989,640717.3207524087,5847913.459438952
15081,404805.link:198648,638986.0109550413,5844516.849434105
15081,404805.link:586723,638986.0109550413,5844516.849434105
15081,40512.link:198847,637309.5332863026,5829884.8350063
15081,407968.link:608521,642171.5525059181,5828002.297191865
15081,423109.link:284868,636668.7769273872,5828603.898699915
15081,423109.link:284869,636668.7769273872,5828603.898699915
15081,430042.link:176049,641298.9906195955,5839098.735670097
15081,431407.link:914466,644709.2881531774,5839801.688619713
15081,431407.link:914467,644709.2881531774,5839801.688619713
15081,434495.link:181207,640845.1081131257,5832700.351699324
15081,44427.link:300544,645941.2685180646,5852458.404055695
15081,44427.link:300545,645941.2685180646,5852458.404055695
15081,45052.link:914472,641527.9597503188,5841802.995945557
15081,453213.link:562373,634071.7675540693,5825246.563412967
15081,455276.link:784753,640633.1358542114,5825465.94425724
15081,455535.link:828072,646005.2863390817,5854920.4571308475
15081,461381.link:562374,634060.765322954,5825244.592246706
15081,470171.link:247517,662147.1253988692,5822262.313553171
15081,477237.link:13178,645604.4475257766,5857962.397879883
15081,487263.link:813476,641150.1189550092,5840996.14714318
15081,492911.link:163606,633306.075244069,5828382.412856346
15081,494299.link:204686,634406.6450417129,5825446.414460257
15081,495604.link:752523,646150.4406502331,5833104.325303439
15081,495604.link:752524,646150.4406502331,5833104.325303439
15081,495604.link:812022,646150.4406502331,5833104.325303439
15081,503396.link:146967,645963.1180733754,5835270.338141952
15081,510793.link:223465,626598.908813902,5846494.422995086
15081,514546.link:146969,645898.150548158,5833278.101621952
15081,51812.link:621208,655227.1945147334,5819792.617646662
15081,532534.link:151637,641724.9818227838,5849780.544181428
15081,535413.link:90234,642674.4405504062,5837803.455706574
15081,556286.link:860501,640833.1581745497,5832668.50645569
15081,558227.link:659641,640715.2575066745,5841054.787193165
15081,561173.link:262228,641177.064119223,5841022.975620454
15081,561173.link:813477,641177.064119223,5841022.975620454
15081,572285.link:284880,638150.1574985916,5829848.444800814
15081,572285.link:284881,638150.1574985916,5829848.444800814
15081,576853.link:65932,645464.7953217849,5814315.975060564
15081,576853.link:65933,645464.7953217849,5814315.975060564
15081,585347.link:425519,636792.7133130276,5825953.349322773
15081,586420.link:144544,646801.9536512739,5855317.460349717
15081,594387.link:641016,631816.6869418026,5826312.139153813
15081,607606.link:449913,649797.0132916094,5817134.554411377
15081,607606.link:449914,649797.0132916094,5817134.554411377
15081,615735.link:300562,642177.7700996376,5850337.335914774
15081,622386.link:914551,643517.1281499165,5837668.485116503
15081,623459.link:641017,631813.6951224526,5826314.952214502
15081,635356.link:660638,645544.483639118,5858300.225605462
15081,641954.link:146968,645891.1450427365,5833281.342773823
15081,649523.link:300519,645825.1620307233,5832130.726049872
15081,649523.link:300520,645825.1620307233,5832130.726049872
15081,657260.link:660637,645515.5398517281,5858343.9934853325
15081,658355.link:163606,633298.1371090261,5828380.192826861
15081,659019.link:146966,645957.1245200946,5835269.268134889
15081,665380.link:319919,647263.5920931678,5833050.20403041
15081,665380.link:812029,647263.5920931678,5833050.20403041
15081,671391.link:352420,626602.9694139744,5846437.099711057
15081,86879.link:417818,631800.2929776087,5826301.457664385
15081,86879.link:417819,631800.2929776087,5826301.457664385
15081,87843.link:860395,643204.2006277011,5834514.394505418
15081,948.link:752523,646150.4406502331,5833104.325303439
15083,102175.link:254236,640018.0203821288,5783847.935781218
15083,104752.link:178727,676630.2558898212,5769634.772327603
15083,104752.link:178728,676630.2558898212,5769634.772327603
15083,105553.link:862140,642669.9635211388,5790191.152319501
15083,105553.link:862141,642669.9635211388,5790191.152319501
15083,109956.link:502816,643044.6812538432,5769978.780993468
15083,114128.link:178704,679178.9561051901,5769705.466467798
15083,114128.link:178705,679178.9561051901,5769705.466467798
15083,121757.link:496676,642251.1103650411,5781700.788550774
15083,123812.link:862141,642702.6964450522,5790186.1977312
15083,123812.link:924881,642702.6964450522,5790186.1977312
15083,127511.link:694371,672445.5343469316,5790253.081280601
15083,127511.link:694372,672445.5343469316,5790253.081280601
15083,148072.link:276118,639874.9871266767,5797492.133435322
15083,151903.link:809274,642314.4430229428,5790071.388609388
15083,151903.link:809275,642314.4430229428,5790071.388609388
15083,154975.link:151948,647363.3603704412,5782908.022656151
15083,154975.link:151949,647363.3603704412,5782908.022656151
15083,162613.link:107693,650320.1112466159,5806386.939958056
15083,162613.link:107694,650320.1112466159,5806386.939958056
15083,192945.link:502817,643021.7004885278,5769964.431044171
15083,204651.link:807852,679070.0873760593,5787515.736965676
15083,204651.link:807853,679070.0873760593,5787515.736965676
15083,208374.link:309446,640360.5404928132,5809991.212661163
15083,208374.link:309447,640360.5404928132,5809991.212661163
15083,219046.link:571538,640306.9886654799,5797562.832517593
15083,219046.link:805664,640306.9886654799,5797562.832517593
15083,231933.link:850520,634985.867553683,5811686.285170007
15083,232249.link:225009,637868.81136624,5775717.261005147
15083,234766.link:771874,635007.3122133592,5810688.197766646
15083,235017.link:710886,639925.9572852426,5770834.254494567
15083,238424.link:377681,664117.2288113161,5795467.995977329
15083,238424.link:377682,664117.2288113161,5795467.995977329
15083,242273.link:224959,636091.4902489934,5772886.302527026
15083,251051.link:920697,660222.5553453513,5779623.66013314
15083,251051.link:920698,660222.5553453513,5779623.66013314
15083,252056.link:249848,643637.4290879846,5767620.187668575
15083,255567.link:470106,652725.78659348,5766852.583546664
15083,259026.link:697340,639050.2608067447,5770892.846287826
15083,274735.link:813492,642673.8575181542,5770001.528256758
15083,281740.link:908458,643753.4770799363,5778856.971205371
15083,293626.link:752515,640629.9725750732,5796354.953842008
15083,309168.link:67397,646287.3262026976,5765304.445711312
15083,310425.link:163703,639060.3042670537,5770854.9530748315
15083,312537.link:632837,634848.5365513241,5811748.289533036
15083,312537.link:632838,634848.5365513241,5811748.289533036
15083,312537.link:632960,634848.5365513241,5811748.289533036
15083,326249.link:225010,637851.8267498836,5775707.107193389
15083,333809.link:9454,645418.7905862109,5779347.9060043795
15083,333809.link:9455,645418.7905862109,5779347.9060043795
15083,349092.link:697339,639051.2456115693,5770899.328858673
15083,354343.link:586512,644432.4013469694,5808654.981056993
15083,354343.link:586513,644432.4013469694,5808654.981056993
15083,354358.link:717888,639579.0960004488,5768517.82793504
15083,359589.link:109193,638454.5735768841,5776189.0771573745
15083,359589.link:885537,638454.5735768841,5776189.0771573745
15083,364498.link:595205,654026.3583046497,5802148.653103962
15083,364498.link:595206,654026.3583046497,5802148.653103962
15083,364898.link:353939,640188.0098360486,5798295.147058132
15083,364898.link:491330,640188.0098360486,5798295.147058132
15083,366577.link:501606,634985.4766360745,5810683.145832912
15083,37468.link:333099,637874.7965615896,5776508.837953528
15083,381012.link:710892,638339.5503987408,5770825.182561165
15083,386293.link:333100,637872.8043384603,5776518.910409396
15083,390546.link:812640,642240.0901260851,5781693.683186875
15083,423052.link:928273,642473.0216945024,5791922.891637935
15083,438373.link:805663,640315.0254273658,5797536.905433496
15083,442398.link:330073,651556.6021967132,5780061.824554844
15083,442398.link:330074,651556.6021967132,5780061.824554844
15083,44657.link:76442,653083.6592514497,5766337.078431861
15083,453461.link:519548,639764.1281323758,5784149.841527355
15083,455058.link:920675,645111.6852698653,5785174.841273375
15083,455058.link:920676,645111.6852698653,5785174.841273375
15083,464181.link:145711,643612.3972355598,5766006.982831027
15083,466548.link:400342,655294.844093452,5779239.492537678
15083,466548.link:400343,655294.844093452,5779239.492537678
15083,469001.link:467139,643665.5103551398,5782146.58615235
15083,474447.link:710885,639929.956129992,5770843.270523617
15083,478558.link:145710,643617.4028127131,5766038.179112687
15083,483328.link:356514,640865.9722979135,5794538.02091397
15083,487502.link:740952,666448.2602523582,5778972.251182869
15083,487502.link:740953,666448.2602523582,5778972.251182869
15083,501373.link:219998,644346.2842097589,5782410.442303923
15083,509101.link:356515,640871.0178568924,5794492.754201212
15083,513559.link:253995,643621.5331049111,5778614.969225351
15083,513559.link:253996,643621.5331049111,5778614.969225351
15083,513559.link:495951,643621.5331049111,5778614.969225351
15083,519774.link:339625,636204.9678993163,5811379.813954421
15083,525388.link:670020,673660.6581455481,5769131.963791606
15083,525388.link:670021,673660.6581455481,5769131.963791606
15083,528938.link:105449,643646.5205725381,5778612.909720398
15083,53865.link:775188,634922.1754181392,5811712.0255675595
15083,53865.link:775189,634922.1754181392,5811712.0255675595
15083,550709.link:67396,646299.3232231137,5765307.468954644
15083,552696.link:710891,638267.5800293059,5770826.076056356
15083,559147.link:470105,652698.8010959144,5766823.595751482
15083,571300.link:818537,671297.7704763509,5778448.541054426
15083,571300.link:818538,671297.7704763509,5778448.541054426
15083,57291.link:813493,642661.867063247,5770003.410559634
15083,587562.link:501169,662925.9717317761,5779777.580936637
15083,587562.link:501170,662925.9717317761,5779777.580936637
15083,601806.link:775189,634920.5976576259,5811714.987268282
15083,60618.link:353940,640232.986167672,5798294.199523601
15083,60618.link:816179,640232.986167672,5798294.199523601
15083,609959.link:105475,641526.4344411774,5786994.814330355
15083,609959.link:105476,641526.4344411774,5786994.814330355
15083,616015.link:132550,638203.6506992576,5776343.021856917
15083,616015.link:835836,638203.6506992576,5776343.021856917
15083,619331.link:821926,653121.6496795636,5765958.685756416
15083,619356.link:339626,635856.7171897921,5811331.9934214065
15083,624180.link:219994,643835.4815669736,5782194.476054904
15083,624717.link:752520,640601.9862842017,5796331.339880942
15083,624779.link:276117,639869.0281163598,5797480.945785524
15083,624788.link:748760,652941.7030377465,5765856.99144404
15083,625450.link:527171,642669.01248477,5792482.1608265955
15083,637495.link:350742,652759.7727635532,5766796.524506994
15083,637495.link:350743,652759.7727635532,5766796.524506994
15083,641362.link:349777,635232.0978119477,5811246.419210911
15083,650573.link:924892,642552.9649138086,5790614.063159426
15083,653029.link:779160,670629.8603939738,5792054.164441482
15083,653029.link:779161,670629.8603939738,5792054.164441482
15083,654540.link:224958,636079.5004310654,5772868.501678934
15083,657152.link:928274,642455.018227418,5791929.050829046
15083,65758.link:748759,652945.7032659804,5765860.898638652
15083,658572.link:519547,639776.1265533622,5784080.952991017
15083,66.link:937973,674839.2039684807,5787414.269269599
15083,66.link:937974,674839.2039684807,5787414.269269599
15083,665279.link:527170,642668.0338302964,5792461.653003368
15083,675972.link:565236,643647.4513308688,5767565.384117627
15083,678417.link:76443,653072.6640982737,5766370.912225421
15083,683169.link:836829,659537.7452859879,5764407.821429027
15083,683169.link:836830,659537.7452859879,5764407.821429027
15083,69055.link:865597,644141.3460774275,5778847.628749204
15083,69769.link:219997,644359.2849285045,5782410.486914761
15083,84013.link:865598,644122.3206960072,5778844.850293875
15083,89173.link:821927,653127.6511518662,5765948.852418348
15083,9514.link:495945,642230.0931551273,5781514.872247176
15083,97667.link:924893,642505.9651499691,5790602.13480849
15083,99615.link:812440,639976.0117703426,5783915.9761134945
15085,103378.link:304385,616476.0230996712,5746944.199410197
15085,106363.link:776552,611283.0116574141,5759474.070332817
15085,107685.link:133199,620866.9787363943,5742896.9924645
15085,107948.link:400588,609487.9727689183,5762097.876863905
15085,113648.link:219799,618763.9678249109,5725487.0804297775
15085,113648.link:337415,618763.9678249109,5725487.0804297775
15085,130745.link:772261,617955.0229378507,5756521.805817591
15085,131639.link:92611,618732.987394245,5728650.001720472
15085,133012.link:63279,614553.0067742008,5751446.074737808
15085,133012.link:63280,614553.0067742008,5751446.074737808
15085,137466.link:660322,616217.9789263142,5735364.954169009
15085,139389.link:919071,613627.0182497756,5751790.156699132
15085,141452.link:77068,613855.0119521902,5736734.91535971
15085,147607.link:347987,618535.9645867302,5746290.351162345
15085,148690.link:192621,614800.0052069124,5735949.937210904
15085,153980.link:545869,655041.4028685468,5746159.588699966
15085,153980.link:545870,655041.4028685468,5746159.588699966
15085,160394.link:328136,620081.9805228482,5742302.220441235
15085,162925.link:205154,617038.9972091623,5759951.247010284
15085,164133.link:430409,618070.0096247096,5725398.261454038
15085,185208.link:727538,609746.0147068307,5760106.876941109
15085,186844.link:309245,615810.0270817633,5747442.834336795
15085,189826.link:133200,620874.9730745162,5742917.213798499
15085,192519.link:823057,614095.001904091,5736450.0619086865
15085,192519.link:823058,614095.001904091,5736450.0619086865
15085,19663.link:376860,628402.2993663889,5752089.412280775
15085,19663.link:376861,628402.2993663889,5752089.412280775
15085,200402.link:242370,621817.9951655461,5758828.9323605765
15085,203880.link:190256,621173.0424252144,5743157.623784503
15085,211222.link:776551,611286.9832273863,5759483.950311038
15085,212828.link:272047,623352.0034375245,5744817.9243588345
15085,224450.link:775996,621606.9683491497,5743310.09808776
15085,238189.link:63289,616449.9800799516,5746970.966702121
15085,242241.link:879060,614800.9773240355,5759841.103063989
15085,250198.link:25374,631387.0316437375,5755809.930633525
15085,251676.link:841443,611824.0328496993,5754451.774142817
15085,252106.link:23455,612323.0338096817,5753699.886079257
15085,254821.link:700512,619143.0067786019,5736917.999977853
15085,256850.link:279999,641255.9802146323,5751056.106657274
15085,258615.link:811341,620922.974433391,5757341.923571213
15085,258615.link:845227,620922.974433391,5757341.923571213
15085,26320.link:368272,621892.189698146,5744588.194468676
15085,26320.link:368273,621892.189698146,5744588.194468676
15085,265285.link:506986,640032.9739892083,5751332.153969816
15085,266197.link:559451,617638.9875989739,5758470.071048525
15085,26792.link:290528,617871.9987126795,5759041.15921953
15085,269749.link:647201,639392.9799749769,5751881.102194536
15085,269884.link:921071,617300.9810093795,5728403.982155655
15085,269884.link:921072,617300.9810093795,5728403.982155655
15085,278805.link:174416,617862.0048783101,5759027.793290635
15085,278805.link:174417,617862.0048783101,5759027.793290635
15085,278805.link:50005,617862.0048783101,5759027.793290635
15085,278805.link:845154,617862.0048783101,5759027.793290635
15085,280136.link:895478,615583.9829857714,5735874.752114435
15085,282258.link:328146,621092.9676757696,5743110.070485659
15085,301675.link:895286,615015.508157699,5751267.742610039
15085,301675.link:895287,615015.508157699,5751267.742610039
15085,302318.link:337063,623185.9802083866,5760341.013671623
15085,306476.link:252401,608703.9840496896,5762492.864711957
15085,308515.link:174353,617069.9988189648,5759173.851128006
15085,311480.link:919070,613650.966129156,5751775.1227942025
15085,312024.link:400587,609495.0219955833,5762105.263817714
15085,314018.link:733979,614000.0012869914,5759045.206408583
15085,316299.link:98917,609982.0224302417,5760163.029236091
15085,316299.link:98918,609982.0224302417,5760163.029236091
15085,316516.link:879059,614808.0158234193,5759860.737085759
15085,320080.link:845157,617066.992307182,5759132.053832086
15085,327574.link:772260,617965.9893382041,5756534.97209964
15085,330328.link:672549,631172.0285416391,5755748.978438388
15085,330328.link:672550,631172.0285416391,5755748.978438388
15085,331462.link:130508,618674.0201794226,5726134.762347885
15085,331462.link:130509,618674.0201794226,5726134.762347885
15085,331462.link:218292,618674.0201794226,5726134.762347885
15085,335921.link:205155,617078.0315462259,5759907.096952697
15085,339918.link:845156,617238.9741035837,5758876.0454696575
15085,342128.link:77067,613857.0132358939,5736728.84109114
15085,34628.link:613660,618257.0036933862,5735403.877612334
15085,364735.link:672549,631173.9851379822,5755766.167407506
15085,366417.link:681369,613997.0044831012,5736281.05501944
15085,376467.link:612505,633620.9891113933,5753462.909231402
15085,376499.link:613653,615580.0191206686,5735888.0129884975
15085,377539.link:845661,626058.9999635725,5760044.161253711
15085,383772.link:205116,614030.9895403739,5763691.191349842
15085,38455.link:650090,613922.9843840328,5761727.262247291
15085,393181.link:871367,620079.0077837534,5742282.343149075
15085,394612.link:733600,609772.9798253131,5760121.044073358
15085,398896.link:811324,633960.9618255207,5755364.190512862
15085,399103.link:647227,638841.0040079355,5752202.752527965
15085,402474.link:175052,621918.0107675814,5744421.912332237
15085,418158.link:761322,622264.9869470351,5743573.995134243
15085,431174.link:571622,612562.9814060631,5761861.081548655
15085,433263.link:210570,614588.9678544285,5736170.216993656
15085,433963.link:165655,642695.0224417375,5751788.145514654
15085,435150.link:192622,614824.0077265337,5735941.917363689
15085,438401.link:290664,622216.0029198945,5760883.017957953
15085,440354.link:9133,626073.0240117104,5760014.024685722
15085,446760.link:175071,621866.9725900745,5744496.894697288
15085,453399.link:322346,641436.9945572102,5751098.1642648205
15085,461289.link:750639,616084.0110510086,5747325.662044008
15085,468470.link:214399,617637.997129577,5746493.975505053
15085,469613.link:613659,618329.0126745164,5735554.22406471
15085,472760.link:833011,622598.993717341,5744026.788881991
15085,476381.link:174686,622540.9735913677,5744339.163037413
15085,47875.link:272060,623359.9772988834,5744816.006153909
15085,480330.link:34633,621389.9782347109,5743267.90475459
15085,480741.link:125035,615336.0164467056,5747533.162249371
15085,480741.link:125036,615336.0164467056,5747533.162249371
15085,4816.link:224435,627582.0279945764,5759034.796807113
15085,481790.link:647246,633920.0093838648,5755431.7572173355
15085,492296.link:841808,625526.0321306665,5757840.7680668915
15085,494028.link:437044,615751.985293493,5747423.691155552
15085,497255.link:210573,614472.021371339,5736194.259005774
15085,502531.link:272059,623331.0061538423,5744800.049514594
15085,503133.link:260470,625369.0189794041,5756579.158342461
15085,503133.link:260471,625369.0189794041,5756579.158342461
15085,503932.link:299101,618223.9938656164,5758903.042866726
15085,503932.link:665342,618223.9938656164,5758903.042866726
15085,510916.link:722319,617607.0312072274,5746509.93975116
15085,514407.link:700511,619107.9878839294,5736907.156597081
15085,515235.link:901650,629299.0064802826,5757287.0781721445
15085,518673.link:651438,618545.9736555889,5746275.009857512
15085,519019.link:52027,615875.9918659196,5747751.0139881605
15085,522078.link:368282,619369.3121357702,5745672.531278006
15085,522078.link:368283,619369.3121357702,5745672.531278006
15085,523651.link:395970,642655.3562886403,5751870.596980808
15085,523651.link:395971,642655.3562886403,5751870.596980808
15085,523651.link:667556,642655.3562886403,5751870.596980808
15085,523651.link:667557,642655.3562886403,5751870.596980808
15085,524370.link:702850,649128.9172844345,5757835.196818698
15085,524370.link:702851,649128.9172844345,5757835.196818698
15085,529564.link:447797,618679.9959862914,5728656.988507633
15085,532367.link:23456,612325.978569679,5753679.03405456
15085,536550.link:25375,631429.0235780911,5755785.1050058855
15085,537200.link:650082,616106.9979612275,5760490.185458624
15085,541687.link:365671,626400.9643968502,5759832.137316337
15085,545989.link:571623,612561.9974628325,5761852.936765763
15085,5495.link:186902,623234.3470910726,5744784.099531464
15085,5495.link:186903,623234.3470910726,5744784.099531464
15085,553383.link:650085,613905.0044713388,5761771.693454513
15085,555290.link:396577,615391.0067372381,5747951.237418233
15085,557059.link:63221,638176.9768268666,5752760.9729386745
15085,560739.link:506991,640038.9743622087,5751267.772904863
15085,562948.link:917171,617405.9973665649,5759551.048590925
15085,570067.link:437048,615836.0077472434,5747812.066491806
15085,570653.link:832734,622562.9900868757,5744335.249677392
15085,572100.link:822867,612057.0267287836,5754134.759772786
15085,574157.link:665341,618238.9817190759,5758931.883348938
15085,574157.link:665344,618238.9817190759,5758931.883348938
15085,578843.link:901653,629274.0164682725,5757288.212285319
15085,579491.link:174417,617875.9949198524,5759034.91100132
15085,581954.link:811341,620901.9673320731,5757351.986448556
15085,592069.link:750640,616107.000547334,5747275.900962046
15085,592181.link:626240,614120.0013833562,5751279.968255263
15085,592181.link:812353,614120.0013833562,5751279.968255263
15085,593270.link:210195,613955.021457196,5761710.969395799
15085,593573.link:224434,627587.0213454862,5759043.826797742
15085,609036.link:501548,616374.0063389647,5733938.007988453
15085,609036.link:865007,616374.0063389647,5733938.007988453
15085,609154.link:372760,619628.0020770949,5745667.120831093
15085,61202.link:612506,633634.9997060485,5753476.860143358
15085,612146.link:733982,614001.9735534975,5759009.979146678
15085,615414.link:841809,625536.0294184476,5757836.90188454
15085,618813.link:612635,649289.3779564111,5748978.194650637
15085,618813.link:612636,649289.3779564111,5748978.194650637
15085,619522.link:919144,611832.969957738,5762034.159041565
15085,619522.link:919145,611832.969957738,5762034.159041565
15085,619716.link:372761,619630.0210642999,5745648.920506252
15085,62180.link:328115,622301.9895534344,5743591.809928142
15085,626795.link:192668,621687.9830646536,5743347.000529727
15085,628154.link:626241,614104.0258385682,5751262.135209222
15085,628914.link:660321,616212.9861575676,5735371.848674548
15085,640227.link:759330,622826.9705193242,5744350.827242594
15085,640227.link:759331,622826.9705193242,5744350.827242594
15085,645503.link:559452,617633.9822493731,5758489.982140227
15085,654818.link:328143,621437.9709107992,5743264.836966694
15085,655583.link:681368,613997.9970978659,5736292.092710138
15085,659405.link:917170,617449.0107177667,5759527.913880967
15085,672856.link:692348,625029.0277264509,5760016.042222174
15085,673928.link:63224,638135.0270856146,5752772.056978428
15085,678376.link:647200,639350.9865342858,5751895.847863742
15085,679491.link:175048,622630.9773580532,5743993.075390965
15085,683562.link:165656,642677.9952480758,5751788.884545309
15085,687038.link:822868,612061.9831695517,5754146.887567973
15085,70428.link:365672,626391.9791143136,5759853.164351713
15085,70722.link:219800,618779.0198747953,5725497.225921205
15085,84381.link:396576,615384.030535912,5747925.1513991365
15085,86278.link:252398,608728.0057323218,5762502.956929549
15085,89311.link:430410,618068.0177810449,5725388.757276762
15085,89917.link:672932,615878.9570147162,5747807.495601965
15085,89917.link:672933,615878.9570147162,5747807.495601965
15085,90340.link:650079,616136.9726080223,5760453.940599656
15086,262116.link:501237,693777.5800452125,5795359.545102861
15086,262116.link:501238,693777.5800452125,5795359.545102861
15086,431335.link:252351,690212.8618900449,5789049.078932327
15086,431335.link:252352,690212.8618900449,5789049.078932327
15086,479192.link:734492,685834.4764577654,5781503.085728836
15086,526326.link:199570,714756.4035597171,5810577.084949222
15086,608750.link:641998,687482.8054186957,5784335.147507184
15086,608750.link:641999,687482.8054186957,5784335.147507184
15087,12644.link:47544,676987.2233672084,5728446.333571452
15087,12644.link:47545,676987.2233672084,5728446.333571452
15089,108277.link:466275,675798.4827338232,5730999.3567188075
15089,108277.link:466276,675798.4827338232,5730999.3567188075
15089,200354.link:651161,673756.5844805146,5733079.806848439
15089,200354.link:651162,673756.5844805146,5733079.806848439
15089,233093.link:209351,692227.2862446366,5728431.1999809295
15089,233093.link:209352,692227.2862446366,5728431.1999809295
15089,25407.link:653327,660855.4297044735,5741692.037258464
15089,25407.link:653328,660855.4297044735,5741692.037258464
15089,305406.link:910372,670173.1884353119,5736901.819497949
15089,305406.link:910373,670173.1884353119,5736901.819497949
15089,464370.link:581994,682079.7786408659,5728019.990895305
15089,464370.link:581995,682079.7786408659,5728019.990895305
15089,667304.link:39055,657895.1143308057,5744403.097278281
15089,667304.link:39056,657895.1143308057,5744403.097278281
15089,72525.link:395037,663771.8862768705,5740753.932051916
15089,72525.link:395038,663771.8862768705,5740753.932051916
15090,19289.link:400531,693394.1822194105,5831024.525719585
15090,384022.link:400531,693392.1881292406,5831030.349456375
15090,446561.link:504733,675969.4084410935,5824041.405047092
15090,446561.link:504734,675969.4084410935,5824041.405047092
15090,479937.link:400531,693389.1611842139,5831041.700897901
15090,479937.link:400532,693389.1611842139,5831041.700897901
15090,490564.link:911385,685628.0051706412,5830301.623310162
15090,490564.link:911386,685628.0051706412,5830301.623310162
15090,55718.link:618403,680606.6899892825,5826483.141957762
15090,55718.link:618404,680606.6899892825,5826483.141957762
15090,558907.link:341611,693328.6319155002,5831015.135309055
15090,558907.link:341612,693328.6319155002,5831015.135309055
15090,560244.link:156237,693457.5631469958,5831078.380087934
15090,560244.link:660668,693457.5631469958,5831078.380087934
