code,n_workers,n_workers_not_employed,share_at_workplace,share_home,share_absent,share_no_workplace,n_employed,share_employed_no_work_trip,srv_share_home_office_day,srv_share_work_trip,srv_share_neither,delta_no_work_trip_pp
03101,63631,9123,0.4929471312515867,0.006664127951256664,0.005204366590505204,0.49518437420665146,126048,0.5069021325209444,0.1781074898,0.6275275302,0.19436498,13.442966272094441
03102,23124,3737,0.5001099336001056,0.005716547205487885,0.0025944329624906556,0.49157908623191593,45482,0.4997141726397256,0.05934990208,0.7138834791,0.2267666188,21.359765175972562
03103,29119,4792,0.5104023674968357,0.004742124685789671,0.003975540620041716,0.480879967197333,56093,0.48936587452979874,,,,
03151,41077,5101,0.4599769717904433,0.010201496833621185,0.002786413356361543,0.5270351180195739,86850,0.5396545768566494,0.1787013602,0.6441429156,0.1771557242,18.379749245664946
03153,29586,4450,0.47596040537355644,0.01584121746742534,0.006262415406888657,0.5019359617521295,59402,0.5234335544257769,0.07836139891,0.6923515291,0.229287072,21.578508351577685
03154,20650,2943,0.473528995423017,0.0097909687160855,0.003869202095031378,0.5128108337658661,42386,0.5259755579672534,0.1211166383,0.6670583375,0.2118250242,19.303389546725334
03157,31249,3992,0.4555641363436757,0.013688880812853011,0.003937067490422326,0.526809915353049,66039,0.5439815866381986,0.1469785561,0.6118816927,0.2411397512,15.586327933819867
03158,28758,3567,0.48301075268817206,0.008653763440860215,0.003096774193548387,0.5052387096774194,58125,0.5167311827956989,0.1501351788,0.6603275151,0.1895373061,17.705869789569885
zgb,267194,37705,0.481036221492344,0.009279733543044826,0.004098626081324883,0.5055854188832863,540425,0.5186418096868206,0.1417722931,0.6511223931,0.2071053138,16.97642027868206
