school_id,name,level,capacity,ags8,kreis5,x,y,geocode_quality,dist_to_osm_edu_m,validated
abs_5599,Grundschule Karlstraße,grundschule,231.0,03158037,03158,605391.7695884882,5780037.76730423,address,2.2448159555228746,True
abs_5629,Grundschule Lamme,grundschule,226.0,03101000,03101,598597.2996418972,5791549.104410891,address,27.49328034771969,True
abs_5721,Grundschule Lengede,grundschule,296.0,03157005,03157,589685.5178639637,5784920.8208911335,address,26.434506836618255,True
abs_5770,Heinrich-Albertz-Schule,grundschule,66.0,03102000,03102,596572.395802602,5778304.671714614,address,24.50255174342102,True
abs_5824,Grund- und Gesamtschule,grundschule,238.0,03103000,03103,621831.2398707333,5812992.717200678,address,15.007869062891874,True
abs_5824,Grund- und Gesamtschule,sekundar_1,671.0,03103000,03103,621831.2398707333,5812992.717200678,address,15.007869062891874,True
abs_5824,Grund- und Gesamtschule,sekundar_2,169.0,03103000,03103,621831.2398707333,5812992.717200678,address,15.007869062891874,True
abs_6105,Grundschule Hohestieg,grundschule,215.0,03101000,03101,602791.6604284013,5791243.860870976,address,0.06147894191406413,True
abs_6130,Christliche Schule Braunschweig,grundschule,47.0,03101000,03101,605674.9279894233,5796083.945234549,address,44.726892825229,True
abs_7080,Evangelische Grundschule Waldschule Eichelkamp,grundschule,359.0,03103000,03103,619861.3713010964,5807929.444424205,address,0.09972134889582883,True
abs_10807,Unsere freie Schule Bergfeld,grundschule,20.0,03151003,03151,625695.6533486912,5823290.242992041,address,96.75731804888645,True
abs_11149,Freie Schule Oberharz,grundschule,12.0,03153018,03153,588399.3349615285,5743045.284077825,address,0.040252741515377895,True
abs_11186,Grundschule Schölkestraße,grundschule,23.0,03101000,03101,601756.9818768429,5792023.355531515,address,24.821265418940964,True
abs_12531,Grundschule Sickte,grundschule,197.0,03158030,03158,611986.8127095117,5786442.840498088,address,280.79224557802723,True
abs_12567,Grundschule Sehlde,grundschule,69.0,03158028,03158,586629.2315161001,5766254.476970863,address,3.0440880076282557,True
abs_13122,Bunte Grundschule Wolfsburg,grundschule,391.0,03103000,03103,619028.4500798654,5805795.002275991,address,54.37222236914168,True
abs_13183,Grundschule Fallersleben,grundschule,422.0,03103000,03103,617212.2518004765,5808311.739544885,address,22.707115747761353,True
abs_13237,Grundschule Schunterwiesen,grundschule,235.0,03103000,03103,621306.8021385202,5801297.551165552,address,14.100688745568625,True
abs_13304,Grundschule Sülfeld,grundschule,172.0,03103000,03103,614788.1872598032,5808291.845087885,address,55.436910014126845,True
abs_13328,Grundschule am Drömling Vorsfelde,grundschule,370.0,03103000,03103,624775.129056598,5811428.018097987,address,9.814315343164743,True
abs_13328,Grundschule am Drömling Vorsfelde,sekundar_1,13.0,03103000,03103,624775.129056598,5811428.018097987,address,9.814315343164743,True
abs_13341,Grundschule Heidgarten,grundschule,194.0,03103000,03103,625348.540168653,5813096.6632135445,address,3.6948700163511803,True
abs_13353,Grundschule Wendschott,grundschule,202.0,03103000,03103,625867.1292442451,5813419.7635687115,address,614.6462261744825,True
abs_13377,Eichendorff-Schule I,grundschule,353.0,03103000,03103,621799.9683729869,5807831.957574625,address,24.763843492240444,True
abs_13389,Grundschule Laagberg,grundschule,233.0,03103000,03103,618914.08229337,5808803.55871472,address,37.85452910150413,True
abs_13407,Grundschule Alt-Wolfsburg,grundschule,294.0,03103000,03103,622387.2778595262,5812091.919254669,address,27.714603556993282,True
abs_13419,Grundschule Käferschule,grundschule,328.0,03103000,03103,624872.4417213656,5808995.895418977,address,28.91289686718458,True
abs_13420,Grundschule Wohltberg,grundschule,240.0,03103000,03103,619945.3187066072,5809485.543174747,address,26.951346845964824,True
abs_13432,Hellwinkelschule,grundschule,353.0,03103000,03103,622835.2797007216,5809469.456424891,address,11.944769143127546,True
abs_13456,Regenbogenschule,grundschule,319.0,03103000,03103,618393.131923312,5807718.948206185,address,7.767388186550445,True
abs_14023,Grundschule Rötgesbüttel,grundschule,178.0,03151023,03151,603970.9673116723,5808175.0434938455,address,2.2488221343762893,True
abs_14126,Grundschule Isenbüttel,grundschule,264.0,03151013,03151,607370.5479694844,5810109.7680328395,address,18.375022416215792,True
abs_14175,Grundschule Wasbüttel,grundschule,100.0,03151037,03151,608235.5183805742,5807703.133694532,address,15.952824234896688,True
abs_14199,Grundschule Parsau,grundschule,169.0,03151021,03151,628137.4675808355,5822275.083423268,address,18.000134052031843,True
abs_14229,Grundschule Calberlah,grundschule,248.0,03151006,03151,610089.7139809402,5809738.260110664,address,39.39790830502843,True
abs_14242,Ovakara Grundschule Hillerse,grundschule,93.0,03151012,03151,595576.5477933376,5807285.947021896,address,21.713725474905633,True
abs_14278,Grundschule Ehra-Lessien,grundschule,81.0,03151008,03151,621206.4459955685,5825848.408866926,address,4786.674156932644,False
abs_14291,Michael-Ende-Schule,grundschule,346.0,03151009,03151,606266.7357700863,5815163.18774688,address,9.618923611610368,True
abs_14308,Gebrüder-Grimm-Schule,grundschule,335.0,03151009,03151,604471.3403732035,5815951.406776556,address,6.677070806585253,True
abs_14333,Grundschule Jembke,grundschule,196.0,03151014,03151,619628.380959108,5818045.464439222,address,222.14043193940446,True
abs_14345,Adam-Riese-Schule,grundschule,395.0,03151009,03151,606901.6642528166,5814280.617478606,address,10.440506702855194,True
abs_14370,Grundschule Weyhausen,grundschule,172.0,03151039,03151,616674.7227162909,5813517.468653706,address,127.33440827067881,True
abs_14382,Mühlenbergschule-Grundschule,grundschule,104.0,03151020,03151,614267.750041238,5814911.582134922,address,11.880599269538592,True
abs_14394,Isetal-Schule,grundschule,129.0,03151009,03151,604144.590166797,5820455.860028487,address,1.1038980059646384,True
abs_14400,Grundschule Ribbesbüttel,grundschule,106.0,03151022,03151,602604.4249317779,5810255.514311333,address,1.3571808269200925,True
abs_14424,Margret und Rolf Rettich-Schule,grundschule,131.0,03151034,03151,603873.2606791406,5803264.756023374,address,4.870290065191093,True
abs_14436,Grundschule Sprakensehl,grundschule,47.0,03151028,03151,600461.4051736037,5847312.302802911,address,9.886152421797807,True
abs_14448,Grundschule Waldschule Tülau-Voitze,grundschule,67.0,03151032,03151,627130.565577697,5828025.741146105,address,0.07843784489831152,True
abs_14497,Grundschule Schwülper,grundschule,332.0,03151027,03151,597279.3271980401,5801500.93573287,address,4.334211760439287,True
abs_14588,Grundschule Radenbeck,grundschule,66.0,03151040,03151,626320.4239610962,5834434.12191435,address,11.309440161864478,True
abs_14722,Immanuelschule Gifhorn,grundschule,89.0,03151009,03151,604712.0759280786,5814224.211199879,address,197.22092020706398,True
abs_16135,Grundschule Am Lerchenberg,grundschule,352.0,03151038,03151,603852.108313348,5828634.722383165,address,16.36211705577781,True
abs_20138,Grundschule Rheinring,grundschule,239.0,03101000,03101,600757.348056604,5790115.690951796,address,10.348619479649535,True
abs_24375,Hans-Georg-Karg Grundschule,grundschule,258.0,03101000,03101,605140.04290586,5790901.163724709,address,132.5330245097763,True
abs_24739,Grundschule Nord,grundschule,324.0,03102000,03102,591512.3333799075,5779988.321787434,address,47.82997169030693,True
abs_24764,Freie Schule Bredelem,grundschule,20.0,03153019,03153,593000.1309359664,5758709.321312838,address,2921.279167402829,False
abs_24806,Grundschule Am Schildberg,grundschule,221.0,03153012,03153,580475.4715658117,5750102.047941388,address,33.929125301042546,True
abs_24922,Grundschule Gliesmarode,grundschule,183.0,03101000,03101,606702.8411568779,5793328.273466552,address,14.780189365677277,True
abs_24946,Grundschule Heidberg,grundschule,228.0,03101000,03101,605251.7646211375,5787839.103258369,address,1.1733589359145629,True
abs_24946,Grundschule Heidberg,sekundar_1,89.0,03101000,03101,605251.7646211375,5787839.103258369,address,1.1733589359145629,True
abs_24958,Grundschule Altmühlstraße,grundschule,435.0,03101000,03101,601353.3763576692,5789060.573061945,address,65.52417821307075,True
abs_24971,Grundschule Am Schwarzen Berge,grundschule,155.0,03101000,03101,603336.4964582038,5794617.775964478,address,22.69492790204257,True
abs_24983,Grundschule Edith Stein,grundschule,161.0,03101000,03101,604468.2854477365,5791539.329872215,address,0.22434709998721603,True
abs_24995,Grundschule Gartenstadt,grundschule,125.0,03101000,03101,602380.898296668,5788081.199100521,address,188.65468316643924,True
abs_25008,Grundschule Hinter der Masch,grundschule,125.0,03101000,03101,603252.8699286794,5792449.690280649,address,1.2945388923831855,True
abs_25021,Grundschule Ilmenaustraße,grundschule,310.0,03101000,03101,600923.7829783421,5789206.381098074,address,15.029281270709191,True
abs_25033,Grundschule Isoldestraße,grundschule,231.0,03101000,03101,603755.9163252503,5793699.778771715,address,1.3367089563757903,True
abs_25057,Grundschule Schunteraue,grundschule,112.0,03101000,03101,605126.2565163294,5796046.169414282,address,11.472621315061216,True
abs_25069,Grundschule Lehndorf,grundschule,370.0,03101000,03101,600956.2428024011,5792566.185618574,address,21.73400744572079,True
abs_25082,Grundschule Broitzem,grundschule,175.0,03101000,03101,601466.4252660823,5788015.5325827915,address,400.4451205470545,True
abs_25094,Grundschule Hondelage,grundschule,177.0,03101000,03101,609136.5542687187,5797242.441825986,address,6.5629004096105055,True
abs_25100,Grundschule Timmerlah,grundschule,146.0,03101000,03101,599141.9939273051,5788764.873164798,address,5.229844056497895,True
abs_25136,Freie Schule Braunschweig e.V.,grundschule,83.0,03101000,03101,605621.2100010621,5792291.4940163605,address,20.128082715448393,True
abs_25185,Grundschule Völkenrode/Watenbüttel,grundschule,168.0,03101000,03101,598349.3115445506,5795764.510986395,address,15.191391944411624,True
abs_25197,Grundschule Volkmarode,grundschule,193.0,03101000,03101,608513.4024502068,5793892.154998924,address,395.4830765892449,True
abs_25215,Freie Waldorfschule Braunschweig,grundschule,104.0,03101000,03101,601846.1447736267,5789925.41105797,address,3.0027752493240705,True
abs_25215,Freie Waldorfschule Braunschweig,sekundar_1,210.0,03101000,03101,601846.1447736267,5789925.41105797,address,3.0027752493240705,True
abs_25215,Freie Waldorfschule Braunschweig,sekundar_2,63.0,03101000,03101,601846.1447736267,5789925.41105797,address,3.0027752493240705,True
abs_25239,Grundschule am Ostertal,grundschule,411.0,03102000,03102,591473.5697919133,5778809.915970758,address,5.702188478647667,True
abs_25240,Grundschule Fredenberg,grundschule,395.0,03102000,03102,588915.1444003524,5777494.201753854,address,346.8029827246567,True
abs_25252,Offene Ganztagsgrundschule Rühme,grundschule,141.0,03101000,03101,603495.7546310159,5796208.1209992105,address,9.108342322122459,True
abs_25264,Kranichdammschule,grundschule,348.0,03102000,03102,591583.9218374905,5781150.670543559,address,0.02992680704877762,True
abs_25264,Kranichdammschule,sekundar_1,89.0,03102000,03102,591583.9218374905,5781150.670543559,address,0.02992680704877762,True
abs_25288,Grundschule Lichtenberg,grundschule,233.0,03102000,03102,588244.8097953395,5776056.662076264,address,0.06747448425341698,True
abs_25306,Grundschule Ringelheim,grundschule,84.0,03102000,03102,589898.4181565146,5766228.550385533,address,16.201547777675213,True
abs_25331,Grundschule Salzgitter-Thiede,grundschule,253.0,03102000,03102,601667.3347804168,5782632.725192495,address,0.010681887194297572,True
abs_25343,Altstadtschule am Standort Wiesenstraße,grundschule,392.0,03102000,03102,594650.9787935452,5766892.833384668,address,17.2484408251786,True
abs_25355,Grundschule Am See,grundschule,314.0,03102000,03102,589697.139569537,5779738.258954213,address,0.06893670932979869,True
abs_25380,Grundschule Am Ziesberg,grundschule,482.0,03102000,03102,594273.2014530624,5768619.649996107,address,5.8317916140582176,True
abs_25422,Grundschule Dürerring,grundschule,331.0,03102000,03102,588265.4343704464,5778214.615426786,address,5.896117095982998,True
abs_25471,Grundschule Langelsheim/Astfeld,grundschule,260.0,03153019,03153,591189.1641516729,5755141.186401363,address,9.413706540028286,True
abs_25495,Kurt-Klay-Schule,grundschule,143.0,03153019,03153,586850.6436683347,5760820.17093085,address,49.666002907638145,True
abs_25513,Grundschule Rhüden,grundschule,125.0,03153012,03153,577193.7888249514,5754659.408337554,address,4.493259179952221,True
abs_25550,Grundschule Jahnstraße,grundschule,218.0,03153012,03153,581218.8711230924,5749647.7311158255,address,1.4412535803578497,True
abs_25574,Grundschule Münchehof,grundschule,117.0,03153012,03153,581567.4608288484,5745135.76684947,address,4229.575529103534,False
abs_25598,Grundschule Lehre,grundschule,240.0,03154014,03154,614064.8651909395,5798958.568401218,address,10.431783164411955,True
abs_25665,Grundschule Vienenburg,grundschule,214.0,03153017,03153,607538.0560324796,5756789.6500173,address,1.38205323276574,True
abs_25677,Grundschule Goetheschule,grundschule,223.0,03153017,03153,598484.4496285622,5751623.266438428,address,4.493213071159951,True
abs_25689,Grundschule Immenrode,grundschule,72.0,03153017,03153,602053.5014634829,5757712.590715888,address,21.452253448600878,True
abs_25707,Grundschule Wiedelah,grundschule,39.0,03153017,03153,608677.190794494,5757737.813658862,address,1.2701404712127848,True
abs_25719,Grundschule Hohegeiß,grundschule,20.0,03153016,03153,615359.2350448546,5725068.571496367,address,9.432652740563977,True
abs_25732,Grundschule Zellerfeld,grundschule,137.0,03153018,03153,592198.0639729473,5741356.456017182,address,6.96588574450514,True
abs_25744,Grundschule Clausthal,grundschule,221.0,03153018,03153,592053.5386421677,5741002.145836053,address,8.441468183862156,True
abs_25768,Schillerschule,grundschule,200.0,03153017,03153,598235.7881510463,5752936.362222398,address,31.372314578702966,True
abs_25781,Grundschule Worthschule,grundschule,94.0,03153017,03153,597768.3967241611,5751738.33442792,address,8.317145620086476,True
abs_25793,Grundschule Hahndorf-Jerstedt,grundschule,141.0,03153017,03153,598429.0092112579,5756780.617878144,address,2205.786182287449,False
abs_25823,Grundschule Jürgenohl,grundschule,358.0,03153017,03153,599118.6713299471,5753652.593838234,address,20.2314488027284,True
abs_25847,Grundschule Oker,grundschule,174.0,03153017,03153,602049.8790537264,5752237.282939161,address,21.1914812181647,True
abs_25847,Grundschule Oker,sekundar_1,58.0,03153017,03153,602049.8790537264,5752237.282939161,address,21.1914812181647,True
abs_25859,Glückauf-Schule,grundschule,37.0,03153016,03153,606098.731581424,5730995.396865863,plz_centroid,1197.2185406686415,False
abs_25872,Gerhart-Hauptmann-Schule,grundschule,265.0,03153002,03153,607804.4500119385,5749220.895412762,address,16.506488416952223,True
abs_25884,Grundschule Harlingerode,grundschule,196.0,03153002,03153,604853.9175860555,5751911.713412802,address,27.98695129288298,True
abs_25896,Grundschule Bündheim,grundschule,204.0,03153002,03153,606344.4568606544,5749984.382228453,address,6.539006171801152,True
abs_25914,Marienkäferschule Bahrdorf,grundschule,127.0,03154001,03154,636449.4184071689,5805210.365468013,address,1.2287931966853312,True
abs_25926,Grundschule Danndorf,grundschule,164.0,03154004,03154,630529.2676165379,5810214.908031902,address,2405.278858614116,False
abs_25963,Grundschule Grasleben,grundschule,165.0,03154008,03154,637502.9494408802,5797263.068678131,address,1.1483453795279206,True
abs_25975,Grundschule Am See,grundschule,330.0,03154009,03154,630432.3532877609,5804488.745770548,address,9.201745289761682,True
abs_25987,Grundschule Lessingstraße,grundschule,247.0,03154028,03154,637738.119141456,5788866.539657657,address,20.310845409022868,True
abs_25999,Grundschule St. Ludgeri,grundschule,129.0,03154028,03154,637585.5251432825,5788063.299525312,address,5.6010621098910205,True
abs_26013,Grundschule Pestalozzistraße,grundschule,272.0,03154028,03154,636319.1556278697,5787825.409236648,address,11.918318330665155,True
abs_26049,Grundschule Heeseberg,grundschule,131.0,03154012,03154,630111.4296008528,5771747.084051504,address,273.1871969566237,True
abs_26086,Grundschule Königslutter,grundschule,500.0,03154013,03154,624140.8050527445,5790067.4941983465,address,26.421829682635664,True
abs_26165,Grundschule An der Schunter,grundschule,242.0,03154021,03154,630493.3321277568,5788038.59223661,address,148.28759453860766,True
abs_26189,Grundschule Offleben,grundschule,93.0,03154028,03154,638201.5046506841,5781050.135019543,plz_centroid,2823.4550367460356,False
abs_26190,Grundschule Schöningen,grundschule,419.0,03154019,03154,634744.7451893487,5778032.100598732,address,6.170506866610609,True
abs_26244,Grundschule Börßum,grundschule,177.0,03158038,03158,608740.4541489098,5770088.483494201,address,10.300339289220053,True
abs_26281,Grundschule Hohenassel,grundschule,79.0,03158004,03158,583123.2797294711,5776952.75779289,address,11.84071359600271,True
abs_26311,Grundschule Cramme,grundschule,79.0,03158005,03158,599042.9789526644,5774671.12782252,address,127.75143438312685,True
abs_26323,Grundschule Dettum,grundschule,170.0,03158009,03158,613840.220810319,5781679.512276999,address,3571.5419088734952,False
abs_26347,Grundschule Denkte,grundschule,95.0,03158008,03158,610390.3908547881,5778183.790034926,address,13.426182027691826,True
abs_26359,Clemens-Schule Hornburg,grundschule,346.0,03158039,03158,610008.6273992546,5766045.3507323945,address,3683.407175927889,False
abs_26372,Grundschule Kissenbrück,grundschule,91.0,03158021,03158,609085.8470614593,5774395.697797135,address,20.460997206981528,True
abs_26384,Grundschule Remlingen,grundschule,162.0,03158040,03158,615173.5013920999,5775439.049063016,address,116.87862449071072,True
abs_26414,Grundschule Schöppenstedt,grundschule,307.0,03158027,03158,621715.1868539683,5778747.910148081,address,68.15802510725302,True
abs_26438,Grundschule Winnigstedt,grundschule,80.0,03158035,03158,621456.3327377584,5769866.854006198,address,2212.6184499746664,False
abs_26451,Grundschule Fümmelse,grundschule,143.0,03158037,03158,601222.2515664254,5779999.92845512,address,13.809365426967611,True
abs_26463,Grundschule Groß Stöckheim,grundschule,73.0,03158037,03158,603775.3823156877,5781588.299088998,address,2.9268640392353737,True
abs_26487,Grundschule am Geitelplatz,grundschule,484.0,03158037,03158,606702.6289511549,5780976.141437305,address,9.448218780340394,True
abs_26499,Schunterschule,grundschule,278.0,03154014,03154,616416.0219978679,5802059.339829728,address,3.8257361117640674,True
abs_26517,Sandbachschule,grundschule,208.0,03158006,03158,615415.2008856001,5792548.132524356,address,1.5729682351037595,True
abs_26529,Erich-Kästner-Schule,grundschule,158.0,03158006,03158,610948.23354161,5792924.260495407,address,2.626946848504462,True
abs_26530,Grundschule Friedrichstraße,grundschule,242.0,03154028,03154,636862.4790078059,5788917.008188062,address,160.00044470626537,True
abs_26554,Grundschule Elbe,grundschule,235.0,03158011,03158,586897.9628527124,5771462.735229508,address,4.334116780729604,True
abs_26670,Grundschule Abbensen,grundschule,94.0,03157001,03157,580499.3166731972,5804675.63532106,address,6.158232757004036,True
abs_26700,Grundschule Salzdahlum,grundschule,98.0,03158037,03158,608355.4970124793,5784294.775908295,address,1.3946545277654587,True
abs_26736,Grundschule Plockhorst,grundschule,68.0,03157001,03157,586901.0940711978,5810438.865018974,address,0.8000491080056071,True
abs_26797,Grundschule Halchter,grundschule,50.0,03158037,03158,606015.8332426011,5777889.890475466,address,238.17198609688418,True
abs_26840,Grundschule in der Südstadt,grundschule,346.0,03157006,03157,584527.8385586996,5796226.915662053,address,171.59351804279157,True
abs_26852,Wallschule Sally PEREL,grundschule,257.0,03157006,03157,583537.2306565272,5797388.087301484,address,548.2361334312193,True
abs_26864,Schule unterm Regenbogen,grundschule,120.0,03157006,03157,587862.9196311,5792420.856020767,address,2498.119976485778,False
abs_26876,Grundschule Löwenherz,grundschule,177.0,03157007,03157,596522.2663565057,5792029.277515056,address,5.5167822310338686,True
abs_26906,Grundschule Essinghausen,grundschule,136.0,03157006,03157,587026.5508805678,5798769.31155569,address,37.8159684261346,True
abs_26979,Heinrich-Kielhorn-Schule,grundschule,226.0,03157007,03157,593336.198908315,5785770.033320414,address,11.569040869125963,True
abs_26992,Alte Dorfschule Bortfeld,grundschule,95.0,03157008,03157,595841.2041972674,5794757.555458749,address,13.530446221047232,True
abs_27637,Freie Schule Beuchte,grundschule,34.0,03158039,03158,604458.1642146338,5760658.170675501,address,3724.2858375203273,False
abs_33054,Grundschule Adenbüttel,grundschule,154.0,03151001,03151,599061.4539090311,5804721.026498438,address,16.794993809331068,True
abs_33121,Grundschule Ehmen-Mörse,grundschule,414.0,03103000,03103,616057.974205674,5806314.70179749,address,10.494787421612662,True
abs_33133,Grundschule Hasenwinkel,grundschule,220.0,03103000,03103,624700.6529762871,5799642.222882772,address,21.629789329940934,True
abs_33169,Friedrich-von-Schiller-Schule,grundschule,182.0,03103000,03103,622454.4527823741,5808918.1243949495,address,70.61429986437153,True
abs_33704,Grundschule Brome,grundschule,147.0,03151005,03151,631085.4996646179,5829388.810011341,address,31.414369997734358,True
abs_33728,Wilhelm-Busch-Schule,grundschule,220.0,03151009,03151,604418.6443929423,5818807.625863123,address,1175.52531243235,False
abs_33741,Freiherr-vom-Stein-Schule,sekundar_1,370.0,03151009,03151,605183.2748959017,5816223.909698849,address,16.21983465780011,True
abs_33777,Albert-Schweitzer-Schule,grundschule,355.0,03151009,03151,605643.5102237724,5815317.57015043,address,157.3009286725404,True
abs_33789,Astrid-Lindgren-Schule,grundschule,135.0,03151009,03151,599972.1263052035,5818997.671101282,address,20.86958199854758,True
abs_33807,Regenbogenschule Groß Oesingen,grundschule,184.0,03151010,03151,599193.9579633423,5833871.236790784,address,21.09258540030124,True
abs_33819,Karl-Soehle-Schule,grundschule,251.0,03151011,03151,608508.5996285671,5843214.434857284,address,14.567206584996631,True
abs_33856,Grundschule Leiferde,grundschule,248.0,03151015,03151,597343.8991916962,5810843.227298515,address,11.180936619236975,True
abs_33868,Grundschule am Zellberg,grundschule,334.0,03151016,03151,604949.3430318537,5804804.621018647,address,24.319328303465515,True
abs_33881,Grundschule Meinersen,grundschule,357.0,03151017,03151,592044.2250135042,5814062.751897785,address,1001.7103863485943,False
abs_33893,Aller-Oker-Schule,grundschule,222.0,03151018,03151,592877.2198266049,5820276.8768513,address,17.291129196901167,True
abs_33911,Grundschule Kunterbunt,grundschule,52.0,03151029,03151,595161.0399535804,5838865.037703753,address,5.314710572635239,True
abs_33923,Grundschule Wahrenholz,grundschule,209.0,03151036,03151,608268.0418116028,5830688.218406264,address,8.8565941596569,True
abs_33947,Oberschule Wesendorf,sekundar_1,382.0,03151038,03151,604005.7750295767,5828498.476861725,address,2.1795406929699075,True
abs_33959,Christian-Albinus-Oberschule Weyhausen,sekundar_1,182.0,03151039,03151,616531.7863869052,5813672.470868306,address,10.208901031812402,True
abs_33960,Grundschule Wittingen,grundschule,272.0,03151040,03151,617420.8896995228,5843788.742303381,address,3.372386087600298,True
abs_33972,Grundschule Knesebeck,grundschule,131.0,03151040,03151,615252.6541733168,5837698.887934036,address,6.488038596054065,True
abs_33984,Grundschule Rühen,grundschule,299.0,03151024,03151,628261.0133003246,5816806.826622834,address,29.279917815753155,True
abs_34009,Hermann-Löns-Schule,grundschule,140.0,03151025,03151,615917.1791493959,5823317.450105953,address,3.1585264137272397,True
abs_34010,Findorff-Schule,grundschule,218.0,03151025,03151,608548.3145831921,5821774.591225305,address,188.47115857253178,True
abs_34034,Grundschule im bunten Dreieck Westerbeck,grundschule,218.0,03151025,03151,611038.884067626,5819101.481111676,address,13.93365026700263,True
abs_38313,Grundschule Bebelhof,grundschule,140.0,03101000,03101,605354.8837905609,5789213.094913256,address,35.4946877833006,True
abs_38325,Grundschule Bültenweg,grundschule,151.0,03101000,03101,604607.9224591048,5792477.310874976,address,7.089223196781934,True
abs_38349,Grundschule Bürgerstraße,grundschule,247.0,03101000,03101,602597.5273364878,5791373.458640924,address,43.208051509410204,True
abs_38350,Grundschule Comeniusstraße,grundschule,397.0,03101000,03101,605548.1635694718,5791697.3172162,address,0.09415049723685394,True
abs_38362,Grundschule Diesterwegstraße,grundschule,287.0,03101000,03101,602428.476582074,5792319.753989042,address,9.128372829893925,True
abs_38374,Grundschule Heinrichstraße,grundschule,374.0,03101000,03101,605231.95977372,5792288.107962741,address,2.7564846064715747,True
abs_38386,Grundschule Klint,grundschule,228.0,03101000,03101,604324.5811292554,5791092.715976121,address,22.100464151447667,True
abs_38404,Grundschule Mascheroder Holz,grundschule,202.0,03101000,03101,606457.7808828923,5787886.897131892,address,15.88781023244432,True
abs_38416,Grund- u. Hauptschule Pestalozzistraße,grundschule,152.0,03101000,03101,603457.297028543,5792529.616450623,address,2.3262713319854447,True
abs_38416,Grund- u. Hauptschule Pestalozzistraße,sekundar_1,236.0,03101000,03101,603457.297028543,5792529.616450623,address,2.3262713319854447,True
abs_38428,Grundschule Melverode,grundschule,107.0,03101000,03101,604110.6708405404,5787802.170891372,address,160.35138616407517,True
abs_38441,Grundschule Rautheim,grundschule,230.0,03101000,03101,607934.7874909755,5789225.619772284,address,13.263644372956607,True
abs_38453,Grundschule Stöckheim,grundschule,363.0,03101000,03101,603714.9244340964,5785660.911732288,address,32.81401862222102,True
abs_38465,Hauptschule Sophienstraße,sekundar_1,241.0,03101000,03101,602863.4760597667,5790805.808267905,address,0.11645582325459629,True
abs_38507,Grundschule Veltenhof,grundschule,101.0,03101000,03101,602520.0741997467,5795738.350596364,address,719.6646708163387,True
abs_38520,Grundschule Waggum,grundschule,301.0,03101000,03101,605016.8503214836,5798115.670302513,address,8.297727518544267,True
abs_38568,Schule Am Gutspark,grundschule,142.0,03102000,03102,598701.2324979741,5771674.328784117,address,23.4284008163228,True
abs_38568,Schule Am Gutspark,sekundar_1,62.0,03102000,03102,598701.2324979741,5771674.328784117,address,23.4284008163228,True
abs_38593,Grundschule am Sonnenberg,grundschule,345.0,03102000,03102,592375.0792575367,5773928.4024329735,address,151.8128736176251,True
abs_38611,Grundschule Hallendorf,grundschule,155.0,03102000,03102,593890.215888905,5779135.791077304,address,2384.7012651636956,False
abs_38659,Grundschule St. Michael,grundschule,202.0,03102000,03102,590514.2305110471,5779659.653715749,address,4.7102756711639575,True
abs_38714,Grundschule Lautenthal,grundschule,113.0,03153019,03153,590874.0375457866,5751555.159582571,address,0.11641129988475162,True
abs_38738,Grundschule Othfresen,grundschule,147.0,03153008,03153,595206.8968070506,5763063.401051,address,7.934948959365139,True
abs_38817,Grundschule Sudmerberg,grundschule,139.0,03153017,03153,600393.0690221763,5752723.199474902,address,33.39751391667795,True
abs_38854,Grundschule Harztorwall,grundschule,248.0,03158037,03158,605286.8449691549,5779932.106641119,address,13.519459237103765,True
abs_38878,Wilhelm-Busch-Grundschule,grundschule,394.0,03158037,03158,606740.252237172,5779652.4812771045,address,35.63508406689472,True
abs_38908,Wilhelm-Raabe-Schule,grundschule,356.0,03158037,03158,603392.1689475625,5779887.400665661,address,97.57287853452755,True
abs_38921,Offene Ganztagsgrundschule Destedt,grundschule,210.0,03158006,03158,616456.9925067807,5788746.391741956,address,15.533637144458396,True
abs_38933,Grundschule Drachenstark,grundschule,343.0,03157001,03157,586063.3073375283,5805165.103116636,address,0.8354440510848599,True
abs_38957,Grundschule Hohenhameln/Clauen,grundschule,340.0,03157002,03157,573061.0360718899,5790719.254133581,address,1027.3471319663474,False
abs_39019,Grundschule Löwenburg Ilsede,grundschule,270.0,03157009,03157,582340.2086548656,5790942.129463327,address,14.037733832753311,True
abs_39032,Grundschule Oberg,grundschule,138.0,03157009,03157,585258.5151808104,5790587.042489382,address,1545.1516725634754,False
abs_39056,Verlässliche Grundschule,grundschule,289.0,03157009,03157,582941.8281053822,5789072.705188515,address,14.990790663076213,True
abs_39093,Grundschule Broistedt,grundschule,224.0,03157005,03157,590662.6714706705,5782742.751993312,address,383.5052969494611,True
abs_39111,Grundschule Woltwiesche,grundschule,235.0,03157005,03157,587742.2298047049,5784698.464670498,address,16.77997465459873,True
abs_39135,Grundschule Dungelbeck,grundschule,98.0,03157006,03157,586354.9909538841,5794390.374233004,address,49.69400783839847,True
abs_39147,VGHS Burgschule Peine,grundschule,120.0,03157006,03157,583283.9277232507,5797903.696022072,address,11.289301845603388,True
abs_39147,VGHS Burgschule Peine,sekundar_1,264.0,03157006,03157,583283.9277232507,5797903.696022072,address,11.289301845603388,True
abs_39160,Eichendorffschule,grundschule,362.0,03157006,03157,584977.5433679098,5798514.214479521,address,133.07886083473096,True
abs_39172,Fröbelschule,grundschule,206.0,03157006,03157,582062.8387199483,5798343.030315,address,73.36052478741502,True
abs_39214,Grundschule Rosenthal-Schwicheldt,grundschule,197.0,03157006,03157,579415.4988969283,5795335.152481765,address,118.9413188197716,True
abs_39226,Grundschule Stederdorf,grundschule,228.0,03157006,03157,584918.2046403002,5800465.038852899,address,7.329089327387892,True
abs_39238,Albert-Schweitzer-Schule,grundschule,537.0,03157007,03157,593259.0514140588,5790732.933019233,address,28.905154434334825,True
abs_39251,Hainwaldschule Vöhrum,grundschule,247.0,03157006,03157,579882.0353624348,5799469.136175508,address,13.645166952822,True
abs_40150,Erich Kästner-Hauptschule,sekundar_1,224.0,03158037,03158,606615.839897088,5779635.130449702,address,1.4402751408639298,True
abs_40174,Johannes-Gutenberg-Schule,sekundar_1,136.0,03151024,03151,628498.4018231849,5817092.66578277,address,84.73660690198744,True
abs_41051,Oberschule Papenteich,sekundar_1,611.0,03151027,03151,597908.6021617888,5801700.302748972,address,11.425274539720514,True
abs_41233,Wiethornschule,sekundar_1,184.0,03151011,03151,608896.5265532625,5843882.548912018,address,402.27048084679154,True
abs_41749,Hauptschule Meinersen,sekundar_1,194.0,03151017,03151,590800.4300595268,5814741.976273173,address,6.4512641592876125,True
abs_42298,Bodenstedt-Wilhelmschule Peine,sekundar_1,299.0,03157006,03157,583846.222246721,5796920.575092212,address,2.4864392770001156,True
abs_42468,Wolfsburger Oberschule,sekundar_1,717.0,03103000,03103,618528.0733479437,5807307.962826397,address,36.05597118314509,True
abs_42493,Hauptschule Vorsfelde,sekundar_1,226.0,03103000,03103,624495.597076047,5811952.5812843,address,10.787632028780811,True
abs_44817,Hauptschule am Fredenberg,sekundar_1,223.0,03102000,03102,589239.8655787731,5777631.952591491,address,82.8428248779926,True
abs_44878,Dr. Klaus-Schmidt-Hauptschule SZ-Bad,sekundar_1,208.0,03102000,03102,593533.3804225049,5767674.590845892,address,0.07642602163052462,True
abs_45032,Oberschule Seesen,sekundar_1,565.0,03153012,03153,579875.9596471427,5749163.490593883,address,2.7002344565178933,True
abs_45056,Hauptschule Salzgitter-Thiede,sekundar_1,124.0,03102000,03102,601282.5083763206,5783338.893362196,address,5.382412873535357,True
abs_45068,Oberschule Langelsheim,sekundar_1,299.0,03153019,03153,591189.1641516729,5755141.186401363,address,9.413706540028286,True
abs_45081,Vicco-von Bülow- Oberschule Vienenburg,sekundar_1,292.0,03153017,03153,606531.3093202632,5757296.257990506,address,219.0063948222965,True
abs_45111,Haupt- und Realschule Clausthal-Zellerfeld,sekundar_1,312.0,03153018,03153,591565.5367536199,5740342.209622295,address,223.9051497936968,True
abs_45147,Grund- und Hauptschule Groß Ilsede,grundschule,213.0,03157009,03157,583657.6766714107,5791321.549142747,address,9.471808305745272,True
abs_45147,Grund- und Hauptschule Groß Ilsede,sekundar_1,186.0,03157009,03157,583657.6766714107,5791321.549142747,address,9.471808305745272,True
abs_45160,Schule an der Deilich,sekundar_1,334.0,03153002,03153,605934.8022018305,5750890.469263332,address,0.03968615963377603,True
abs_45196,Hauptschule Hohenhameln,sekundar_1,113.0,03157002,03157,572102.9666727703,5790259.301219092,address,3.5161660112864164,True
abs_45226,Albert-Schweitzer-Schule,sekundar_1,88.0,03157007,03157,593274.6556056272,5790643.340881337,address,0.6962568499770357,True
abs_45354,Werla-Schule,sekundar_1,279.0,03158039,03158,606042.2960722886,5764156.89728813,address,19.90699831323452,True
abs_46796,Eichendorffschule,sekundar_1,401.0,03103000,03103,621666.4392895935,5808794.849808073,address,3.1871729518951026,True
abs_46838,Hauptschule Fallersleben,sekundar_1,252.0,03103000,03103,616538.3054272484,5808176.914904511,address,11.801118175173528,True
abs_47788,Grundschule Lindenberg,grundschule,154.0,03101000,03101,606677.8803978552,5789177.369241377,address,7.726737662745036,True
abs_47831,Grundschule Querum,grundschule,241.0,03101000,03101,606370.0264205091,5794685.115891773,address,0.08638779750744656,True
abs_47867,Grund- und Hauptschule Rüningen,grundschule,77.0,03101000,03101,602593.7013143122,5786917.39704686,address,1254.9087487334955,False
abs_47867,Grund- und Hauptschule Rüningen,sekundar_1,193.0,03101000,03101,602593.7013143122,5786917.39704686,address,1254.9087487334955,False
abs_47909,Grundschule Wenden,grundschule,215.0,03101000,03101,602836.6351465896,5798592.16872216,address,13.567499812049945,True
abs_47934,Hauptschule An der Klunkau,sekundar_1,245.0,03102000,03102,590669.635003445,5778529.2083014725,address,9.462961143095455,True
abs_47971,Grundschule Steterburg,grundschule,260.0,03102000,03102,600194.6966188218,5783249.568450028,address,62.145227479170565,True
abs_48008,Verlässliche Grundschule Liebenburg,grundschule,122.0,03153008,03153,598017.1462533721,5764422.423049563,address,17.411694567240577,True
abs_48045,Wurmbergschule,grundschule,77.0,03153016,03153,610922.419745458,5731611.052145765,address,19.71565891660467,True
abs_48148,Haupt- und Realschule Königslutter,sekundar_1,358.0,03154013,03154,623842.5098189777,5791570.2105292035,address,20.885774544860475,True
abs_48227,Eichendorffschule Schöningen,sekundar_1,216.0,03154019,03154,634429.2439182625,5778794.68325945,address,28.061380790274892,True
abs_48264,Carl-Friedrich-Gauß-Schule,sekundar_1,284.0,03154024,03154,632037.2584594225,5808365.04898101,address,33.48647985305508,True
abs_48306,Oberschule Lehre,sekundar_1,254.0,03154014,03154,613921.5043064567,5799022.40975088,address,15.491230076887534,True
abs_48331,Schule im Innerstetal,sekundar_1,213.0,03158002,03158,583892.1810665936,5771966.780430215,address,8.7689761992796,True
abs_48379,Oberschule Sickte,sekundar_1,738.0,03158030,03158,611854.0264353888,5786245.134437795,address,62.43435949626211,True
abs_48410,VGS Wendeburg,grundschule,317.0,03157008,03157,594885.1231484098,5798156.189939793,address,9.062333564206572,True
abs_49190,Aueschule Wendeburg,sekundar_1,298.0,03157008,03157,594519.6058978189,5797931.455155655,address,18.365287261226253,True
abs_49414,Oberschule Braunlage,sekundar_1,142.0,03153016,03153,611458.8543095988,5731962.45864456,address,22.065090472453996,True
abs_60756,Realschule Gebhardshagen,sekundar_1,327.0,03102000,03102,593377.821056292,5773398.598365476,address,13.855063522186695,True
abs_60847,Sally-Perel-Realschule Meinersen,sekundar_1,315.0,03151017,03151,590871.9564224842,5814715.596352363,address,3.1259084113463875,True
abs_60896,Realschule am Drömling Rühen,sekundar_1,306.0,03151024,03151,628261.0133003246,5816806.826622834,address,29.279917815753155,True
abs_60926,Schule am Schloss Liebenburg,sekundar_1,355.0,03153008,03153,597462.5704041277,5763888.119991281,address,4.796460934896476,True
abs_60987,Realschule Calberlah,sekundar_1,401.0,03151006,03151,610191.5497445912,5809570.569343736,address,12.19057785148862,True
abs_61098,Realschule LebenLernen Ersatzschule,sekundar_1,105.0,03101000,03101,601783.6769768811,5789131.349140545,address,9.487218899772333,True
abs_61256,Realschule Vorsfelde,sekundar_1,679.0,03103000,03103,624495.597076047,5811952.5812843,address,10.787632028780811,True
abs_61268,Hoffmann-v.-Fallersleben-Realschule,sekundar_1,723.0,03103000,03103,616538.3054272484,5808176.914904511,address,11.801118175173528,True
abs_61438,Dietrich-Bonhoeffer-Realschule,sekundar_1,486.0,03151009,03151,604771.4880228478,5815761.558948907,address,99.77043640762818,True
abs_61451,Fritz-Reuter-Realschule,sekundar_1,495.0,03151009,03151,605147.6214432003,5814507.255240149,address,207.42868182128674,True
abs_62893,Realschule John-F.-Kennedy-Platz,sekundar_1,402.0,03101000,03101,604129.7323005826,5790890.585695094,address,15.809878531331309,True
abs_62911,Realschule Georg-Eckert-Straße,sekundar_1,244.0,03101000,03101,604448.7029850619,5791415.064096683,address,5.7069874601691994,True
abs_62923,Realschule Maschstraße,sekundar_1,351.0,03101000,03101,603287.2611988157,5792142.199798756,address,7.5164368992187365,True
abs_62935,Nibelungen-Realschule,sekundar_1,379.0,03101000,03101,604424.1928088004,5794438.31642753,address,19.088033897972842,True
abs_62960,Realschule Sidonienstraße,sekundar_1,277.0,03101000,03101,602863.3423392932,5791369.736572148,address,11.30881812731946,True
abs_62984,Realschule Salzgitter-Bad,sekundar_1,568.0,03102000,03102,594375.9557102061,5767265.674913343,address,61.00473380201472,True
abs_63010,Emil-Langen-Realschule,sekundar_1,627.0,03102000,03102,590893.9914686218,5778308.419485392,address,0.1535592692900856,True
abs_63022,Gottfried-Linke-Realschule,sekundar_1,571.0,03102000,03102,589239.8655787731,5777631.952591491,address,82.8428248779926,True
abs_63046,Realschule Salzgitter-Thiede,sekundar_1,271.0,03102000,03102,600979.5867311396,5783415.22515322,address,11.21472114061918,True
abs_63174,Realschule Goldene Aue,sekundar_1,630.0,03153017,03153,597905.960487421,5753329.35189421,address,80.5831627821381,True
abs_63241,Lademann-Realschule,sekundar_1,420.0,03154028,03154,636929.631648924,5788074.123007169,address,8.409333593037696,True
abs_63265,Realschule Schöningen,sekundar_1,271.0,03154019,03154,634638.7293370913,5778161.594181748,address,172.7271014169941,True
abs_63290,Leibniz-Realschule,sekundar_1,450.0,03158037,03158,606688.2870284523,5779514.438453999,address,35.883131371704,True
abs_63344,Realschule Hohenhameln,sekundar_1,330.0,03157002,03157,572055.4833842283,5790212.708705138,address,63.51264747554438,True
abs_63356,Realschule Groß Ilsede,sekundar_1,574.0,03157009,03157,583674.2267626079,5791516.867609384,address,18.547421388336698,True
abs_63393,Gunzelin-Realschule,sekundar_1,483.0,03157006,03157,584627.9138379009,5797997.118194853,address,36.30194790706244,True
abs_63411,Realschule Vechelde,sekundar_1,469.0,03157007,03157,593541.9686110861,5790582.425137656,address,25.751908266150576,True
abs_65122,Sibylla-Merian-Gymnasium Meinersen,sekundar_1,559.0,03151017,03151,590714.8404070045,5814664.044824284,address,12.891359574126824,True
abs_65122,Sibylla-Merian-Gymnasium Meinersen,sekundar_2,202.0,03151017,03151,590714.8404070045,5814664.044824284,address,12.891359574126824,True
abs_65407,Philipp-Melanchthon-Gymnasium,sekundar_1,585.0,03151016,03151,605119.1018205505,5805100.262352621,address,34.47327380458414,True
abs_65407,Philipp-Melanchthon-Gymnasium,sekundar_2,215.0,03151016,03151,605119.1018205505,5805100.262352621,address,34.47327380458414,True
abs_66151,Eichendorffschule,sekundar_1,433.0,03103000,03103,621666.4392895935,5808794.849808073,address,3.1871729518951026,True
abs_66151,Eichendorffschule,sekundar_2,208.0,03103000,03103,621666.4392895935,5808794.849808073,address,3.1871729518951026,True
abs_66266,Julius-Spiegelberg-Gymnasium,sekundar_1,746.0,03157007,03157,593605.8740575111,5790637.973762151,address,10.910774569461084,True
abs_66266,Julius-Spiegelberg-Gymnasium,sekundar_2,287.0,03157007,03157,593605.8740575111,5790637.973762151,address,10.910774569461084,True
abs_66278,Ratsgymnasium Wolfsburg,sekundar_1,661.0,03103000,03103,621661.7661748242,5809282.173853457,address,35.81999145060643,True
abs_66278,Ratsgymnasium Wolfsburg,sekundar_2,264.0,03103000,03103,621661.7661748242,5809282.173853457,address,35.81999145060643,True
abs_66291,Theodor-Heuss-Gymnasium Wolfsburg,sekundar_1,691.0,03103000,03103,620251.3368792823,5809127.498544151,address,2.4011722658994157,True
abs_66291,Theodor-Heuss-Gymnasium Wolfsburg,sekundar_2,235.0,03103000,03103,620251.3368792823,5809127.498544151,address,2.4011722658994157,True
abs_66308,Phoenix Gymnasium Wolfsburg-Vorsfelde,sekundar_1,697.0,03103000,03103,624495.597076047,5811952.5812843,address,10.787632028780811,True
abs_66308,Phoenix Gymnasium Wolfsburg-Vorsfelde,sekundar_2,313.0,03103000,03103,624495.597076047,5811952.5812843,address,10.787632028780811,True
abs_66321,Albert-Schweitzer-Gymnasium,sekundar_1,485.0,03103000,03103,618528.0733479437,5807307.962826397,address,36.05597118314509,True
abs_66321,Albert-Schweitzer-Gymnasium,sekundar_2,218.0,03103000,03103,618528.0733479437,5807307.962826397,address,36.05597118314509,True
abs_66473,Otto-Hahn-Gymnasium,sekundar_1,690.0,03151009,03151,605672.9792813427,5815756.08647792,address,106.95719812751372,True
abs_66473,Otto-Hahn-Gymnasium,sekundar_2,273.0,03151009,03151,605672.9792813427,5815756.08647792,address,106.95719812751372,True
abs_66485,Europaschule Humboldt-Gymnasium,sekundar_1,815.0,03151009,03151,603766.8458101377,5816347.286726086,address,120.38352735435434,True
abs_66485,Europaschule Humboldt-Gymnasium,sekundar_2,371.0,03151009,03151,603766.8458101377,5816347.286726086,address,120.38352735435434,True
abs_66497,Gymnasium Hankensbüttel,sekundar_1,716.0,03151011,03151,608723.4563694932,5843451.155782905,address,21.400411880325233,True
abs_66497,Gymnasium Hankensbüttel,sekundar_2,265.0,03151011,03151,608723.4563694932,5843451.155782905,address,21.400411880325233,True
abs_67180,Gymnasium Fallersleben,sekundar_1,634.0,03103000,03103,616538.3054272484,5808176.914904511,address,11.801118175173528,True
abs_67180,Gymnasium Fallersleben,sekundar_2,225.0,03103000,03103,616538.3054272484,5808176.914904511,address,11.801118175173528,True
abs_67751,Dr. Wilhelm-Meyer-Gymnasium,sekundar_1,378.0,03101000,03101,605574.2934144915,5791007.933194645,address,3.4952449844091933,True
abs_67751,Dr. Wilhelm-Meyer-Gymnasium,sekundar_2,175.0,03101000,03101,605574.2934144915,5791007.933194645,address,3.4952449844091933,True
abs_67763,Gaußschule,sekundar_1,773.0,03101000,03101,604435.8825430004,5791178.138289965,address,21.51912467334333,True
abs_67763,Gaußschule,sekundar_2,300.0,03101000,03101,604435.8825430004,5791178.138289965,address,21.51912467334333,True
abs_67775,Neue Oberschule,sekundar_1,767.0,03101000,03101,605505.1791690276,5793144.103655536,address,8.826580366419735,True
abs_67775,Neue Oberschule,sekundar_2,376.0,03101000,03101,605505.1791690276,5793144.103655536,address,8.826580366419735,True
abs_67799,Gymnasium Ricarda-Huch-Schule,sekundar_1,679.0,03101000,03101,605622.455631914,5793265.177571157,address,44.34644497586636,True
abs_67799,Gymnasium Ricarda-Huch-Schule,sekundar_2,361.0,03101000,03101,605622.455631914,5793265.177571157,address,44.34644497586636,True
abs_67817,Hoffmann-von-Fallersleben-Schule,sekundar_1,728.0,03101000,03101,602267.9713428721,5791699.459529892,address,11.387266164340245,True
abs_67817,Hoffmann-von-Fallersleben-Schule,sekundar_2,273.0,03101000,03101,602267.9713428721,5791699.459529892,address,11.387266164340245,True
abs_67842,Gymnasium Kleine Burg,sekundar_1,503.0,03101000,03101,603913.4510477805,5791446.443156209,address,0.5181896563618321,True
abs_67842,Gymnasium Kleine Burg,sekundar_2,334.0,03101000,03101,603913.4510477805,5791446.443156209,address,0.5181896563618321,True
abs_67866,Lessinggymnasium,sekundar_1,768.0,03101000,03101,602701.578912528,5798540.218593332,address,44.21410861180091,True
abs_67866,Lessinggymnasium,sekundar_2,225.0,03101000,03101,602701.578912528,5798540.218593332,address,44.21410861180091,True
abs_67878,Martino-Katharineum,sekundar_1,677.0,03101000,03101,603480.1439893402,5791494.077124074,address,5.516822041321573,True
abs_67878,Martino-Katharineum,sekundar_2,344.0,03101000,03101,603480.1439893402,5791494.077124074,address,5.516822041321573,True
abs_67891,Raabeschule,sekundar_1,654.0,03101000,03101,605030.2200962061,5787445.928945109,address,0.02683276240256903,True
abs_67891,Raabeschule,sekundar_2,253.0,03101000,03101,605030.2200962061,5787445.928945109,address,0.02683276240256903,True
abs_67908,Wilhelm-Gymnasium,sekundar_1,683.0,03101000,03101,604706.9500493543,5791087.770260595,address,15.173618778586278,True
abs_67908,Wilhelm-Gymnasium,sekundar_2,314.0,03101000,03101,604706.9500493543,5791087.770260595,address,15.173618778586278,True
abs_67969,Gymnasium Am Fredenberg,sekundar_1,458.0,03102000,03102,589218.331118825,5777965.618059548,address,1.1270861102859042,True
abs_67969,Gymnasium Am Fredenberg,sekundar_2,108.0,03102000,03102,589218.331118825,5777965.618059548,address,1.1270861102859042,True
abs_67982,Kranich-Gymnasium,sekundar_1,730.0,03102000,03102,591084.9144364146,5778182.97366192,address,93.14305952719361,True
abs_67982,Kranich-Gymnasium,sekundar_2,228.0,03102000,03102,591084.9144364146,5778182.97366192,address,93.14305952719361,True
abs_67994,Gymnasium Salzgitter-Bad,sekundar_1,791.0,03102000,03102,593947.8264565794,5767742.2791842995,address,17.47215314426896,True
abs_67994,Gymnasium Salzgitter-Bad,sekundar_2,301.0,03102000,03102,593947.8264565794,5767742.2791842995,address,17.47215314426896,True
abs_68032,Jacobson-Gymnasium,sekundar_1,464.0,03153012,03153,579902.7483220428,5749044.497722735,address,4.334520830895468,True
abs_68032,Jacobson-Gymnasium,sekundar_2,152.0,03153012,03153,579902.7483220428,5749044.497722735,address,4.334520830895468,True
abs_68044,Oberharz-Gymnasium Braunlage,sekundar_1,75.0,03153016,03153,611458.8543095988,5731962.45864456,address,22.065090472453996,True
abs_68068,Robert-Koch-Schule,sekundar_1,309.0,03153018,03153,591708.8850142283,5740741.349154347,address,8.81966359161955,True
abs_68068,Robert-Koch-Schule,sekundar_2,108.0,03153018,03153,591708.8850142283,5740741.349154347,address,8.81966359161955,True
abs_68081,Christian-von-Dohm-Gymnasium,sekundar_1,631.0,03153017,03153,597905.960487421,5753329.35189421,address,80.5831627821381,True
abs_68081,Christian-von-Dohm-Gymnasium,sekundar_2,179.0,03153017,03153,597905.960487421,5753329.35189421,address,80.5831627821381,True
abs_68093,Ratsgymnasium Goslar,sekundar_1,381.0,03153017,03153,597990.3685974046,5751720.622861835,address,116.63144430451473,True
abs_68093,Ratsgymnasium Goslar,sekundar_2,189.0,03153017,03153,597990.3685974046,5751720.622861835,address,116.63144430451473,True
abs_68111,Niedersächsisches Internatsgymnasium,sekundar_1,136.0,03153002,03153,607179.0643127753,5748313.592989882,address,725.8308597548257,True
abs_68111,Niedersächsisches Internatsgymnasium,sekundar_2,73.0,03153002,03153,607179.0643127753,5748313.592989882,address,725.8308597548257,True
abs_68135,Werner-von-Siemens-Gymnasium,sekundar_1,531.0,03153002,03153,607228.8715472567,5749384.206122036,address,7.25650902349999,True
abs_68135,Werner-von-Siemens-Gymnasium,sekundar_2,239.0,03153002,03153,607228.8715472567,5749384.206122036,address,7.25650902349999,True
abs_68147,Burgberg-Gymnasium Bad Harzburg,sekundar_1,158.0,03153002,03153,607873.1506324698,5748599.116180291,address,24.710869937446247,True
abs_68147,Burgberg-Gymnasium Bad Harzburg,sekundar_2,45.0,03153002,03153,607873.1506324698,5748599.116180291,address,24.710869937446247,True
abs_68172,Julianum,sekundar_1,656.0,03154028,03154,637917.1162314806,5788234.532244921,address,10.215460669211602,True
abs_68172,Julianum,sekundar_2,314.0,03154028,03154,637917.1162314806,5788234.532244921,address,10.215460669211602,True
abs_68184,Gymnasium am Bötschenberg,sekundar_1,410.0,03154028,03154,638463.6029404581,5789008.971801456,address,721.4820341116662,True
abs_68184,Gymnasium am Bötschenberg,sekundar_2,261.0,03154028,03154,638463.6029404581,5789008.971801456,address,721.4820341116662,True
abs_68202,Anna-Sophianeum,sekundar_1,526.0,03154019,03154,634310.2179687265,5778492.344635725,address,6.284104472057993,True
abs_68202,Anna-Sophianeum,sekundar_2,190.0,03154019,03154,634310.2179687265,5778492.344635725,address,6.284104472057993,True
abs_68214,Große Schule,sekundar_1,555.0,03158037,03158,605061.5633132742,5780565.497076945,address,16.286762911443724,True
abs_68214,Große Schule,sekundar_2,216.0,03158037,03158,605061.5633132742,5780565.497076945,address,16.286762911443724,True
abs_68238,Gymnasium im Schloß,sekundar_1,783.0,03158037,03158,604675.0989146864,5780239.897219795,address,81.91270694458318,True
abs_68238,Gymnasium im Schloß,sekundar_2,426.0,03158037,03158,604675.0989146864,5780239.897219795,address,81.91270694458318,True
abs_68251,Theodor-Heuss-Gymnasium,sekundar_1,596.0,03158037,03158,604358.614528865,5779565.548611832,address,40.8849146474347,True
abs_68251,Theodor-Heuss-Gymnasium,sekundar_2,178.0,03158037,03158,604358.614528865,5779565.548611832,address,40.8849146474347,True
abs_68263,Gymnasium Groß Ilsede,sekundar_1,657.0,03157009,03157,583674.2267626079,5791516.867609384,address,18.547421388336698,True
abs_68263,Gymnasium Groß Ilsede,sekundar_2,255.0,03157009,03157,583674.2267626079,5791516.867609384,address,18.547421388336698,True
abs_68287,Ratsgymnasium Peine,sekundar_1,644.0,03157006,03157,583377.0660668134,5797913.724800924,address,2.347525681572367,True
abs_68287,Ratsgymnasium Peine,sekundar_2,301.0,03157006,03157,583377.0660668134,5797913.724800924,address,2.347525681572367,True
abs_68305,Gymnasium am Silberkamp,sekundar_1,869.0,03157006,03157,584458.4579913786,5797643.12619271,address,6.19108015760439,True
abs_68305,Gymnasium am Silberkamp,sekundar_2,300.0,03157006,03157,584458.4579913786,5797643.12619271,address,6.19108015760439,True
abs_80172,Sally-Perel-Gesamtschule,sekundar_1,746.0,03101000,03101,609093.1050484411,5794083.8385239,address,4.686876338169931,True
abs_80172,Sally-Perel-Gesamtschule,sekundar_2,182.0,03101000,03101,609093.1050484411,5794083.8385239,address,4.686876338169931,True
abs_80184,Neue Schule Wolfsburg,grundschule,167.0,03103000,03103,621167.8927197395,5809105.249767605,address,38.51579320948189,True
abs_80184,Neue Schule Wolfsburg,sekundar_1,540.0,03103000,03103,621167.8927197395,5809105.249767605,address,38.51579320948189,True
abs_80184,Neue Schule Wolfsburg,sekundar_2,235.0,03103000,03103,621167.8927197395,5809105.249767605,address,38.51579320948189,True
abs_80202,IGS Salzgitter,sekundar_1,780.0,03102000,03102,591512.3333799075,5779988.321787434,address,47.82997169030693,True
abs_80202,IGS Salzgitter,sekundar_2,134.0,03102000,03102,591512.3333799075,5779988.321787434,address,47.82997169030693,True
abs_80329,IGS Wallstraße,sekundar_1,729.0,03158037,03158,605479.4554898022,5780324.817267397,address,80.04042483679034,True
abs_80329,IGS Wallstraße,sekundar_2,203.0,03158037,03158,605479.4554898022,5780324.817267397,address,80.04042483679034,True
abs_80330,IGS Lengede,sekundar_1,850.0,03157005,03157,589395.4420786302,5785036.4679788025,address,1.8448258929259786,True
abs_80330,IGS Lengede,sekundar_2,218.0,03157005,03157,589395.4420786302,5785036.4679788025,address,1.8448258929259786,True
abs_80342,IGS Adolf-Grimme in Goslar,sekundar_1,554.0,03153017,03153,601762.7376069003,5751097.327544215,address,15.430658355010936,True
abs_80342,IGS Adolf-Grimme in Goslar,sekundar_2,74.0,03153017,03153,601762.7376069003,5751097.327544215,address,15.430658355010936,True
abs_80366,IGS Sassenburg,sekundar_1,819.0,03151025,03151,609573.044040523,5818052.487815936,address,29.238693311370696,True
abs_80366,IGS Sassenburg,sekundar_2,198.0,03151025,03151,609573.044040523,5818052.487815936,address,29.238693311370696,True
abs_80494,IGS Henriette-Breymann,sekundar_1,850.0,03158037,03158,603926.981366861,5779770.830680646,address,64.52709855190827,True
abs_80494,IGS Henriette-Breymann,sekundar_2,214.0,03158037,03158,603926.981366861,5779770.830680646,address,64.52709855190827,True
abs_80500,Internationale Schule,grundschule,95.0,03101000,03101,605865.0463550012,5790704.49030987,address,12.902677949159175,True
abs_80500,Internationale Schule,sekundar_1,116.0,03101000,03101,605865.0463550012,5790704.49030987,address,12.902677949159175,True
abs_80500,Internationale Schule,sekundar_2,50.0,03101000,03101,605865.0463550012,5790704.49030987,address,12.902677949159175,True
abs_80512,Integrierte Gesamtschule Heidberg,sekundar_1,817.0,03101000,03101,605030.2200962061,5787445.928945109,address,0.02683276240256903,True
abs_80512,Integrierte Gesamtschule Heidberg,sekundar_2,217.0,03101000,03101,605030.2200962061,5787445.928945109,address,0.02683276240256903,True
abs_80615,IGS Wittingen,sekundar_1,662.0,03151040,03151,616579.9017538733,5843222.109617022,address,43.79636258846792,True
abs_80731,IGS Edemissen,sekundar_1,445.0,03157001,03157,586053.0936145277,5805291.802410812,address,22.11405776788193,True
abs_80779,IGS Schöppenstedt,sekundar_1,321.0,03158027,03158,621551.791803246,5778728.3827404305,address,3.4065681830101764,True
abs_80962,Heinrich-Nordhoff-Gesamtschule,sekundar_1,953.0,03103000,03103,618893.493850649,5807335.567929147,address,17.080512278732044,True
abs_80962,Heinrich-Nordhoff-Gesamtschule,sekundar_2,275.0,03103000,03103,618893.493850649,5807335.567929147,address,17.080512278732044,True
abs_81504,Giordano-Bruno-Gesamtschule,sekundar_1,569.0,03154028,03154,636728.7029192906,5789002.979985005,address,1.3971040004757882,True
abs_81772,IGS Gifhorn,sekundar_1,842.0,03151009,03151,606275.4631927866,5815241.1235561175,address,15.821682898424681,True
abs_81772,IGS Gifhorn,sekundar_2,219.0,03151009,03151,606275.4631927866,5815241.1235561175,address,15.821682898424681,True
abs_82806,Integrierte Gesamtschule Querum,sekundar_1,623.0,03101000,03101,606358.7202491466,5794547.988458072,address,28.59688764946407,True
abs_82806,Integrierte Gesamtschule Querum,sekundar_2,209.0,03101000,03101,606358.7202491466,5794547.988458072,address,28.59688764946407,True
abs_82880,IGS Franzsches Feld,sekundar_1,621.0,03101000,03101,605684.229749328,5792341.844067709,address,10.00180789273751,True
abs_82880,IGS Franzsches Feld,sekundar_2,272.0,03101000,03101,605684.229749328,5792341.844067709,address,10.00180789273751,True
abs_82892,Wilhelm-Bracke-Gesamtschule,sekundar_1,976.0,03101000,03101,600762.2758813335,5790222.049048414,address,45.69319620775696,True
abs_82892,Wilhelm-Bracke-Gesamtschule,sekundar_2,381.0,03101000,03101,600762.2758813335,5790222.049048414,address,45.69319620775696,True
abs_82909,Integrierte Gesamtschule Peine,sekundar_1,918.0,03157006,03157,580878.2166903998,5798951.8522098465,address,27.544076607406218,True
abs_82909,Integrierte Gesamtschule Peine,sekundar_2,257.0,03157006,03157,580878.2166903998,5798951.8522098465,address,27.544076607406218,True
abs_88109,Freie Waldorfschule Wolfsburg,grundschule,126.0,03103000,03103,619494.7992053198,5806549.284195894,address,45.11622141632131,True
abs_88109,Freie Waldorfschule Wolfsburg,sekundar_1,193.0,03103000,03103,619494.7992053198,5806549.284195894,address,45.11622141632131,True
abs_88109,Freie Waldorfschule Wolfsburg,sekundar_2,81.0,03103000,03103,619494.7992053198,5806549.284195894,address,45.11622141632131,True
abs_90141,Schule Ilseder Hütte,sekundar_1,33.0,03157009,03157,582969.9029471513,5791043.039186782,address,640.1552834363458,True
abs_92010,Friedrich-von-Schiller-Schule,sekundar_1,162.0,03103000,03103,622454.4527823741,5808918.1243949495,address,70.61429986437153,True
abs_92332,Pestalozzischule Gifhorn,sekundar_1,107.0,03151009,03151,590959.5495593868,5814613.467561294,address,136.53356288642914,True
abs_92344,Schule der Zukunft - FöS der Lebenshilfe,sekundar_1,16.0,03151009,03151,604363.9418586398,5815918.386686402,address,11.770826836126032,True
abs_92356,Hermann-Löns-Schule,sekundar_1,39.0,03151040,03151,617420.8896995228,5843788.742303381,address,3.372386087600298,True
abs_93233,Rischborn-Schule,sekundar_1,62.0,03151009,03151,604668.1124451531,5804263.967925309,address,148.20028820379312,True
abs_94389,Oswald-Berkhan-Schule,sekundar_1,280.0,03101000,03101,602118.9094462367,5791663.264870315,address,39.2607808534552,True
abs_94407,Astrid-Lindgren-Schule,sekundar_1,43.0,03101000,03101,605057.003251968,5795207.741961624,address,32.1586203542491,True
abs_94432,Hans-Würtz-Schule,sekundar_1,155.0,03101000,03101,605354.8837905609,5789213.094913256,address,35.4946877833006,True
abs_94456,Landesbildungszentrum für Hörgeschädigte,sekundar_1,143.0,03101000,03101,604490.4443894457,5789202.025486038,address,0.9141830380418368,True
abs_94468,Lotte-Lemke-Schule,sekundar_1,57.0,03101000,03101,607289.6716552172,5796562.540013232,address,0.06606080237586391,True
abs_94493,Remenhof-Schule,sekundar_1,42.0,03101000,03101,608511.6908452148,5794253.31485852,address,55.198327406006605,True
abs_94560,Peter-Pan-Schule,sekundar_1,179.0,03103000,03103,622368.8887490272,5811956.637638853,address,55.25733585339713,True
abs_94572,Pestalozzischule,sekundar_1,43.0,03102000,03102,591480.3057067448,5779951.973379548,address,1.2518583143851054,True
abs_94614,Maria-Montessori-Schule Salzgitter,sekundar_1,168.0,03102000,03102,591152.6489524577,5780711.85219369,address,569.9837702456036,True
abs_94675,Marie-Juchacz-Schule,sekundar_1,80.0,03153019,03153,590994.5028249115,5752598.121337508,address,44.279291827354285,True
abs_94687,Sehusaschule,sekundar_1,103.0,03153012,03153,581826.3613211457,5749340.334691996,address,526.7494720914333,True
abs_94730,Schule am Harly,sekundar_1,138.0,03153017,03153,606432.0634975614,5757419.659058528,address,146.82015993632965,True
abs_94778,Evangelische Schule Oberharz,sekundar_1,47.0,03153018,03153,593199.4117059659,5741046.600197515,address,742.4429956275579,True
abs_94808,Pestalozzischule,sekundar_1,54.0,03153017,03153,598158.9572147103,5752939.115911538,address,46.25082089270675,True
abs_94845,Wichernschule,sekundar_1,191.0,03154028,03154,637221.0785456719,5788687.610705303,address,4.704755303352622,True
abs_94870,Rudolf-Dießel-Schule,sekundar_1,196.0,03154013,03154,623747.5123546174,5791496.509794164,address,133.30886701019088,True
abs_94985,Schule am Teichgarten,sekundar_1,150.0,03158037,03158,605788.000192768,5780020.864572425,address,22.33604294828366,True
abs_95023,Dr. David Mansfeld-Schule,sekundar_1,60.0,03158037,03158,606706.3609287831,5782714.754291703,address,3.355693586676493,True
abs_95047,Peter-Räuber-Schule,sekundar_1,142.0,03158037,03158,605900.2275580656,5779914.940771321,address,14.388227748196002,True
abs_95072,Astrid-Lindgren-Schule,sekundar_1,260.0,03157009,03157,583824.2510407147,5791124.148170811,address,21.035859656138797,True
abs_95126,Pestalozzischule Peine,sekundar_1,151.0,03157006,03157,583991.3493219332,5798162.910286027,address,621.5366245777906,True
bbs_71559,Carl-Hahn-Schule BBS Wolfsburg,sekundar_2,1213.0,03103000,03103,621112.2038512058,5810071.074660908,address,11.8817879764406,True
bbs_71572,Berufsbildende Schulen 2,sekundar_2,2303.0,03103000,03103,621056.174977987,5809863.750473094,address,2.1310339555127684,True
bbs_71845,Berufsbildende Schulen 1,sekundar_2,1942.0,03151009,03151,605298.310646911,5814980.10172619,address,13.30681134308507,True
bbs_71870,BBS II des Landkreises Gifhorn,sekundar_2,1823.0,03151009,03151,606832.1110845242,5814669.728999205,address,10.610532833112142,True
bbs_72485,Fachschule Heilerziehungspflege,sekundar_2,62.0,03158030,03158,613356.6729228441,5785990.407352786,address,443.38348190239236,True
bbs_72503,Oskar Kämmer Schule,sekundar_2,7.0,03151009,03151,604813.1902823555,5813982.661934634,address,66.36844325825449,True
bbs_73623,Johannes-Selenka-Schule,sekundar_2,1794.0,03101000,03101,603788.4613820314,5792188.606142487,address,21.614117913785957,True
bbs_73647,Heinrich-Büssing-Schule,sekundar_2,2474.0,03101000,03101,605378.582875137,5788738.274696985,address,22.53418332691915,True
bbs_73659,Berufsfachschule Pflege am Marienstift,sekundar_2,10.0,03101000,03101,605509.4791268202,5790907.376103619,address,84.28295426123445,True
bbs_73660,Otto-Bennemann-Schule,sekundar_2,3609.0,03101000,03101,603739.5864836964,5791801.950268634,address,51.746449058764554,True
bbs_73672,Helene-Engelbrecht-Schule,sekundar_2,1140.0,03101000,03101,603850.2268793879,5791941.8778914325,address,0.2620749248046758,True
bbs_73726,Martha-Fuchs-Schule,sekundar_2,808.0,03101000,03101,605140.5904151895,5791317.484739513,address,2.261965301384081,True
bbs_73763,Technikakademie der Stadt Braunschweig,sekundar_2,196.0,03101000,03101,605140.5904151895,5791317.484739513,address,2.261965301384081,True
bbs_73787,Deutsche Müllerschule,sekundar_2,19.0,03101000,03101,605378.582875137,5788738.274696985,address,22.53418332691915,True
bbs_73799,TEUTLOFF Technische Akademie gGmbH,sekundar_2,410.0,03101000,03101,603087.2958066305,5790059.933781827,address,101.93648225720447,True
bbs_73842,Dr. von Morgenstern Schulen,sekundar_2,341.0,03101000,03101,602926.2846691221,5791761.692127527,address,15.600848868852754,True
bbs_73866,Oskar Kämmer Schule Braunschweig,sekundar_2,251.0,03101000,03101,604514.1141432073,5790021.864426743,address,222.8369259899214,True
bbs_73921,Ludwig-Erhard-Schule,sekundar_2,859.0,03102000,03102,590975.4638871569,5779650.999970821,plz_centroid,84.14500516469552,True
bbs_73945,BBS Fredenberg,sekundar_2,2034.0,03102000,03102,589276.5923628326,5777753.991396028,address,98.55734739286012,True
bbs_74081,Fachschule für Wirtschaft und Technik,sekundar_2,77.0,03153018,03153,592285.6026837479,5740312.439085917,address,62.24149315476275,True
bbs_74093,Berufsbildende Schulen Goslar,sekundar_2,859.0,03153017,03153,598117.1011188715,5752563.596836099,address,26.741370667201895,True
bbs_74111,Berufsbildende Schulen,sekundar_2,1954.0,03153017,03153,597785.9206647422,5753458.887338001,address,26.590967536215,True
bbs_74147,Berufsbildende Schulen Bad Harzburg,sekundar_2,367.0,03153002,03153,607827.3240995398,5749321.022921252,address,33.548201188808264,True
bbs_74172,Berufsbildende Schulen,sekundar_2,563.0,03103000,03103,619028.4500798654,5805795.002275991,address,54.37222236914168,True
bbs_74184,Berufsbildende Schulen,sekundar_2,781.0,03154028,03154,636620.5516819995,5787551.64286143,address,97.1934840414225,True
bbs_74214,Steinmetzschule Königslutter,sekundar_2,168.0,03154013,03154,623494.2213677644,5791529.714447396,address,369.8328425471696,True
bbs_74226,Diakonie-Kolleg Wolfenbüttel,sekundar_2,239.0,03158037,03158,606495.062596774,5782240.550478248,address,18.34006069051677,True
bbs_74238,CGLS,sekundar_2,946.0,03158037,03158,604167.3650779813,5779531.722238758,address,131.22075192109605,True
bbs_74263,Berufsbildende Schulen,sekundar_2,1620.0,03157006,03157,581035.5144825433,5799134.509168872,address,17.297549418863895,True
bbs_75279,Ludwig Fresenius Schulen gem. GmbH,sekundar_2,71.0,03103000,03103,614712.4920586925,5808465.064451279,address,0.23682270352907228,True
bbs_75310,Berufsfachschule  Ergotherapie,sekundar_2,58.0,03101000,03101,602616.2895201575,5792496.168930056,address,257.42368888431463,True
bbs_76016,Fachschule Sozialpädagogik,sekundar_2,47.0,03101000,03101,602222.6109819873,5792925.207377931,address,628.5615950475573,True
bbs_76090,TEUTLOFF Private Fachschule Technik,sekundar_2,69.0,03103000,03103,621321.5431809141,5809988.52423886,address,25.32221525604848,True
bbs_76119,Diakonie - Kolleg Wolfsburg,sekundar_2,222.0,03103000,03103,618496.8260058216,5806564.013742264,address,3.2621346168310836,True
