segment,model,count,stichtag,share
minis,AUSTIN MINI,8030.0,2026-01-01,0.0024948014613385
minis,CHEVROLET MATIZ,17489.0,2026-01-01,0.005433571949856665
minis,CHEVROLET SPARK,23982.0,2026-01-01,0.007450850391758394
minis,CITROEN C-ZERO,1182.0,2026-01-01,0.0003672298041472113
minis,CITROEN C1,87048.0,2026-01-01,0.027044517759227116
minis,DACIA SPRING,35182.0,2026-01-01,0.010930523662865642
minis,DAIHATSU CUORE,10723.0,2026-01-01,0.0033314764719716977
minis,DAIHATSU TREVIS,2104.0,2026-01-01,0.0006536814787865757
minis,FIAT 500,401258.0,2026-01-01,0.12466488726946
minis,FIAT CINQUECENTO,1643.0,2026-01-01,0.0005104556414668935
minis,FIAT PANDA,161035.0,2026-01-01,0.05003117725113889
minis,FIAT SEICENTO,5754.0,2026-01-01,0.0017876821430313483
minis,FORD KA,100077.0,2026-01-01,0.031092434102910717
minis,HYUNDAI ATOS,9024.0,2026-01-01,0.002803622464149268
minis,HYUNDAI I 10,268801.0,2026-01-01,0.08351246919168744
minis,KIA PICANTO,145216.0,2026-01-01,0.045116449440813396
minis,LEAPMOTOR T03,5110.0,2026-01-01,0.0015876009299426817
minis,NISSAN PIXO,8571.0,2026-01-01,0.0026628821077375195
minis,OPEL ADAM,146967.0,2026-01-01,0.0456604590745374
minis,OPEL AGILA,54597.0,2026-01-01,0.016962475141307356
minis,OPEL KARL,34317.0,2026-01-01,0.010661781039695305
minis,PEUGEOT 106,7044.0,2026-01-01,0.0021884659394356652
minis,PEUGEOT 107,35019.0,2026-01-01,0.01087988198936649
minis,PEUGEOT 108,26744.0,2026-01-01,0.00830896267522252
minis,PEUGEOT ION,1318.0,2026-01-01,0.000409482979582085
minis,RENAULT TWINGO,292927.0,2026-01-01,0.09100805823978864
minis,SEAT AROSA,9945.0,2026-01-01,0.003089763453675141
minis,SEAT MII,67240.0,2026-01-01,0.020890467031183153
minis,SKODA CITIGO,107762.0,2026-01-01,0.03348004920009457
minis,SMART FORTWO,365531.0,2026-01-01,0.11356504021974137
minis,SONSTIGE SONSTIGE,2382.0,2026-01-01,0.0007400519403372736
minis,SUZUKI ALTO,15219.0,2026-01-01,0.004728316742230464
minis,SUZUKI CELERIO,13833.0,2026-01-01,0.0042977071749309426
minis,SUZUKI SPLASH,22193.0,2026-01-01,0.00689503472372171
minis,SUZUKI WAGON R,6845.0,2026-01-01,0.002126639601850813
minis,TOYOTA AYGO,197811.0,2026-01-01,0.06145693298491033
minis,TOYOTA IQ,12019.0,2026-01-01,0.003734124379056965
minis,VW FOX,76544.0,2026-01-01,0.023781081327110102
minis,VW LUPO,56628.0,2026-01-01,0.017593476606809037
minis,VW UP,373579.0,2026-01-01,0.11606543401312272
kleinwagen,ALFA ROMEO ALFA MITO,9802.0,2026-01-01,0.0011113633214728954
kleinwagen,AUDI A1,228428.0,2026-01-01,0.02589945937537345
kleinwagen,AUDI A2,39263.0,2026-01-01,0.0044516892563752596
kleinwagen,BMW I3,34365.0,2026-01-01,0.003896347739483376
kleinwagen,BYD DOLPHIN SURF,1857.0,2026-01-01,0.00021054903978526493
kleinwagen,CHEVROLET AVEO,12291.0,2026-01-01,0.0013935693311796936
kleinwagen,CHEVROLET KALOS,2716.0,2026-01-01,0.00030794356061215916
kleinwagen,CITROEN C2,15979.0,2026-01-01,0.0018117194974306668
kleinwagen,CITROEN C3,173196.0,2026-01-01,0.019637184434382737
kleinwagen,CITROEN SAXO,3634.0,2026-01-01,0.00041202757704881675
kleinwagen,DACIA SANDERO,319832.0,2026-01-01,0.03626296203155673
kleinwagen,DAIHATSU CHARADE,1391.0,2026-01-01,0.00015771336259628622
kleinwagen,DAIHATSU COPEN,1761.0,2026-01-01,0.00019966443675920923
kleinwagen,DAIHATSU MATERIA,3141.0,2026-01-01,0.0003561306052587599
kleinwagen,DAIHATSU SIRION,16528.0,2026-01-01,0.001873965820985923
kleinwagen,DS 3,17338.0,2026-01-01,0.0019658046590182677
kleinwagen,FIAT GRANDE PANDA,2217.0,2026-01-01,0.0002513663011329738
kleinwagen,FIAT PUNTO,127647.0,2026-01-01,0.014472780442363872
kleinwagen,FORD FIESTA,721774.0,2026-01-01,0.08183566108883673
kleinwagen,FORD FUSION,65334.0,2026-01-01,0.007407652646920031
kleinwagen,FORD PUMA,112828.0,2026-01-01,0.012792583231498046
kleinwagen,HONDA E,2401.0,2026-01-01,0.0002722284569329139
kleinwagen,HONDA JAZZ,116498.0,2026-01-01,0.013208692534681633
kleinwagen,HONDA LOGO,1420.0,2026-01-01,0.0001610014197604072
kleinwagen,HYUNDAI GETZ,27470.0,2026-01-01,0.0031145838033932297
kleinwagen,HYUNDAI I 20,237101.0,2026-01-01,0.02688281523000867
kleinwagen,HYUNDAI INSTER,10003.0,2026-01-01,0.0011341529590586995
kleinwagen,KIA RIO,63680.0,2026-01-01,0.007220120007283614
kleinwagen,LANCIA YPSILON,4942.0,2026-01-01,0.0005603302932788256
kleinwagen,MAZDA 2,153763.0,2026-01-01,0.01743384599057711
kleinwagen,MAZDA DEMIO,3708.0,2026-01-01,0.00042041779188140135
kleinwagen,MG ROEWE 3,7496.0,2026-01-01,0.0008499060862845158
kleinwagen,MINI MINI,587315.0,2026-01-01,0.06659052735674899
kleinwagen,MITSUBISHI COLT,83530.0,2026-01-01,0.009470738445483672
kleinwagen,"MITSUBISHI MIRAGE, SPACE STAR",176141.0,2026-01-01,0.0199710923084633
kleinwagen,NISSAN JUKE,69330.0,2026-01-01,0.0078607242478796
kleinwagen,NISSAN MICRA,181069.0,2026-01-01,0.020529835263800825
kleinwagen,OPEL CORSA,1114652.0,2026-01-01,0.12638067221040664
kleinwagen,OPEL TIGRA,21206.0,2026-01-01,0.0024043634559430954
kleinwagen,PEUGEOT 205,2776.0,2026-01-01,0.000314746437503444
kleinwagen,PEUGEOT 206,103386.0,2026-01-01,0.01172203717137286
kleinwagen,PEUGEOT 207,109775.0,2026-01-01,0.01244643017901317
kleinwagen,PEUGEOT 208,136449.0,2026-01-01,0.015470762482315355
kleinwagen,RENAULT CLIO,332047.0,2026-01-01,0.0376479143853408
kleinwagen,RENAULT R4,1808.0,2026-01-01,0.00020499335699071566
kleinwagen,RENAULT R5,8625.0,2026-01-01,0.0009779135531221917
kleinwagen,RENAULT WIND,2866.0,2026-01-01,0.00032495075284037116
kleinwagen,RENAULT ZOE,79417.0,2026-01-01,0.009004401234586097
kleinwagen,SEAT CORDOBA,2721.0,2026-01-01,0.0003085104670197662
kleinwagen,SEAT IBIZA,408155.0,2026-01-01,0.046277136959372536
kleinwagen,SKODA FABIA,815911.0,2026-01-01,0.09250903478741804
kleinwagen,SKODA FELICIA,1170.0,2026-01-01,0.00013265609938005384
kleinwagen,SMART FORFOUR,79750.0,2026-01-01,0.009042157201332729
kleinwagen,SMART ROADSTER,8852.0,2026-01-01,0.0010036511040275526
kleinwagen,SONSTIGE SONSTIGE,6473.0,2026-01-01,0.0007339170352881097
kleinwagen,SUBARU JUSTY,8229.0,2026-01-01,0.000933014565639712
kleinwagen,SUZUKI BALENO,7472.0,2026-01-01,0.0008471849355280019
kleinwagen,SUZUKI IGNIS,60123.0,2026-01-01,0.0068168227889119455
kleinwagen,SUZUKI SWIFT,133556.0,2026-01-01,0.015142750434873906
kleinwagen,SUZUKI SX4 CLASSIC,29352.0,2026-01-01,0.00332796737521653
kleinwagen,TOYOTA STARLET,6483.0,2026-01-01,0.0007350508481033239
kleinwagen,TOYOTA YARIS,389462.0,2026-01-01,0.044157700663892754
kleinwagen,TOYOTA YARIS VERSO,11345.0,2026-01-01,0.0012863106388604365
kleinwagen,VW POLO,1300548.0,2026-01-01,0.14745779892011132
kompaktklasse,ALFA ROMEO ALFA 147,5510.0,2026-01-01,0.0005117747195548842
kompaktklasse,ALFA ROMEO ALFA GIULIETTA,17616.0,2026-01-01,0.0016361930053863593
kompaktklasse,ALFA ROMEO ALFA GT,1493.0,2026-01-01,0.00013867144397376445
kompaktklasse,AUDI A3,708850.0,2026-01-01,0.06583874953838106
kompaktklasse,BMW 1ER,563996.0,2026-01-01,0.05238455439747304
kompaktklasse,BMW 2ER,269519.0,2026-01-01,0.025033214272180186
kompaktklasse,BYD DOLPHIN,1375.0,2026-01-01,0.00012771147720289758
kompaktklasse,CHEVROLET CRUZE,10557.0,2026-01-01,0.0009805455016952654
kompaktklasse,CHEVROLET LACETTI,1135.0,2026-01-01,0.00010542001936384637
kompaktklasse,CHEVROLET NUBIRA,2380.0,2026-01-01,0.00022105695690392455
kompaktklasse,CITROEN C-ELYSEE,1139.0,2026-01-01,0.0001057915436611639
kompaktklasse,CITROEN C4,100924.0,2026-01-01,0.009373929545618354
kompaktklasse,CITROEN XSARA,3091.0,2026-01-01,0.0002870954007521138
kompaktklasse,DACIA LOGAN,89853.0,2026-01-01,0.008345643171717787
kompaktklasse,DODGE CALIBER,1474.0,2026-01-01,0.0001369067035615062
kompaktklasse,DS 4,5565.0,2026-01-01,0.0005168831786430001
kompaktklasse,FIAT 124 SPIDER,6063.0,2026-01-01,0.0005631379536590313
kompaktklasse,FIAT BARCHETTA,8251.0,2026-01-01,0.000766361744291715
kompaktklasse,FIAT BRAVO,9042.0,2026-01-01,0.0008398306740862545
kompaktklasse,FIAT STILO,3846.0,2026-01-01,0.00035722061187079573
kompaktklasse,FIAT TIPO,43940.0,2026-01-01,0.0040811944060329605
kompaktklasse,FORD ESCORT,8000.0,2026-01-01,0.0007430485946350405
kompaktklasse,FORD FOCUS,690757.0,2026-01-01,0.06415825226053959
kompaktklasse,GWM ORA 03,5792.0,2026-01-01,0.0005379671825157693
kompaktklasse,HONDA CIVIC,91914.0,2026-01-01,0.00853707106591064
kompaktklasse,HONDA INSIGHT,1630.0,2026-01-01,0.0001513961511568895
kompaktklasse,HYUNDAI ACCENT,3135.0,2026-01-01,0.00029118216802260653
kompaktklasse,HYUNDAI I 30,307001.0,2026-01-01,0.02851458270019401
kompaktklasse,HYUNDAI IONIQ,18050.0,2026-01-01,0.0016765033916453101
kompaktklasse,INFINITI Q30,1076.0,2026-01-01,9.994003597841295e-05
kompaktklasse,KIA CEED,256527.0,2026-01-01,0.023826503354492882
kompaktklasse,KIA CERATO,1976.0,2026-01-01,0.00018353300287485502
kompaktklasse,LADA GRANTA,1450.0,2026-01-01,0.0001346775577776011
kompaktklasse,LADA VESTA,1664.0,2026-01-01,0.00015455410768408842
kompaktklasse,LANCIA DELTA,2415.0,2026-01-01,0.00022430779450545286
kompaktklasse,LEXUS CT,3006.0,2026-01-01,0.0002792005094341165
kompaktklasse,MAZDA 3,146656.0,2026-01-01,0.013621566836849563
kompaktklasse,MAZDA 323,6795.0,2026-01-01,0.0006311269000681375
kompaktklasse,MAZDA MX-5,72667.0,2026-01-01,0.006749389028293061
kompaktklasse,MERCEDES A-KLASSE,610894.0,2026-01-01,0.056740491021372304
kompaktklasse,MG ROEWE 4,29586.0,2026-01-01,0.0027479794651090387
kompaktklasse,"MG ROVER MGF, MG TF",4673.0,2026-01-01,0.00043403326034119306
kompaktklasse,MITSUBISHI LANCER,15670.0,2026-01-01,0.0014554464347413857
kompaktklasse,MITSUBISHI SPACE STAR,8655.0,2026-01-01,0.0008038856983207845
kompaktklasse,NISSAN ALMERA,9525.0,2026-01-01,0.0008846922329873451
kompaktklasse,NISSAN LEAF,13718.0,2026-01-01,0.0012741425776504358
kompaktklasse,NISSAN PULSAR,21336.0,2026-01-01,0.001981710601891653
kompaktklasse,NISSAN TIIDA,4128.0,2026-01-01,0.00038341307483168093
kompaktklasse,OPEL AMPERA,1845.0,2026-01-01,0.00017136558213770621
kompaktklasse,OPEL ASTRA,911272.0,2026-01-01,0.08463992236628283
kompaktklasse,OPEL KADETT,3415.0,2026-01-01,0.00031718886883483295
kompaktklasse,PEUGEOT 306,8134.0,2026-01-01,0.0007554946585951774
kompaktklasse,PEUGEOT 307,35835.0,2026-01-01,0.0033283932985933348
kompaktklasse,PEUGEOT 308,107536.0,2026-01-01,0.009988059209084216
kompaktklasse,RENAULT MEGANE,188850.0,2026-01-01,0.017540590887103427
kompaktklasse,RENAULT R19,2200.0,2026-01-01,0.00020433836352463616
kompaktklasse,SEAT BORN,60256.0,2026-01-01,0.0055966420147911256
kompaktklasse,SEAT LEON,483912.0,2026-01-01,0.044946266440878964
kompaktklasse,SEAT TOLEDO,11594.0,2026-01-01,0.0010768631757748326
kompaktklasse,SKODA OCTAVIA,724473.0,2026-01-01,0.06728983056262897
kompaktklasse,SKODA RAPID,101314.0,2026-01-01,0.009410153164606812
kompaktklasse,SKODA SCALA,68388.0,2026-01-01,0.006351950911237644
kompaktklasse,SONSTIGE SONSTIGE,10867.0,2026-01-01,0.0010093386347373732
kompaktklasse,SUBARU IMPREZA,9699.0,2026-01-01,0.0009008535399206573
kompaktklasse,SUZUKI LIANA,3230.0,2026-01-01,0.0003000058700838976
kompaktklasse,SUZUKI SWACE,4253.0,2026-01-01,0.0003950232091228534
kompaktklasse,TOYOTA AURIS,124789.0,2026-01-01,0.011590536384489009
kompaktklasse,TOYOTA COROLLA,140245.0,2026-01-01,0.013026106269323908
kompaktklasse,TOYOTA PRIUS,20369.0,2026-01-01,0.0018918946030151427
kompaktklasse,VOLVO C30,9704.0,2026-01-01,0.0009013179452923042
kompaktklasse,VW BEETLE,102502.0,2026-01-01,0.009520495880910116
kompaktklasse,VW EOS,43682.0,2026-01-01,0.00405723108885598
kompaktklasse,VW GOLF,3231990.0,2026-01-01,0.3001907034218131
kompaktklasse,VW ID.3,116053.0,2026-01-01,0.010779127319147545
kompaktklasse,VW JETTA,45734.0,2026-01-01,0.004247823053379868
mittelklasse,ALFA ROMEO ALFA 156,2881.0,2026-01-01,0.0005287649218708991
mittelklasse,ALFA ROMEO ALFA 159,5000.0,2026-01-01,0.0009176760185194362
mittelklasse,ALFA ROMEO ALFA BRERA,1091.0,2026-01-01,0.00020023690724094097
mittelklasse,ALFA ROMEO GIULIA,8547.0,2026-01-01,0.0015686753860571243
mittelklasse,AUDI A4,750066.0,2026-01-01,0.13766351610135988
mittelklasse,AUDI A5,195682.0,2026-01-01,0.03591453573118406
mittelklasse,BMW 3ER,895266.0,2026-01-01,0.1643128276791643
mittelklasse,BMW 4ER,146240.0,2026-01-01,0.02684018818965647
mittelklasse,BYD SEAL,4504.0,2026-01-01,0.0008266425574823081
mittelklasse,CHRYSLER SEBRING,2374.0,2026-01-01,0.0004357125735930283
mittelklasse,CHRYSLER STRATUS,1985.0,2026-01-01,0.00036431737935221616
mittelklasse,CITROEN C5,51639.0,2026-01-01,0.009477574384065032
mittelklasse,CITROEN XANTIA,1353.0,2026-01-01,0.00024832313061135946
mittelklasse,DS 5,1822.0,2026-01-01,0.00033440114114848256
mittelklasse,FIAT COUPE,1156.0,2026-01-01,0.00021216669548169365
mittelklasse,FIAT CROMA,1825.0,2026-01-01,0.0003349517467595942
mittelklasse,FORD MONDEO,174461.0,2026-01-01,0.03201973517338387
mittelklasse,FORD PROBE,1158.0,2026-01-01,0.00021253376588910143
mittelklasse,HONDA ACCORD,20363.0,2026-01-01,0.003737327353022256
mittelklasse,HONDA PRELUDE,1507.0,2026-01-01,0.00027658755198175806
mittelklasse,HYUNDAI COUPE,2429.0,2026-01-01,0.0004458070097967421
mittelklasse,HYUNDAI I 40,27591.0,2026-01-01,0.005063919805393953
mittelklasse,HYUNDAI IONIQ6,7839.0,2026-01-01,0.001438732461834772
mittelklasse,HYUNDAI SONATA,1542.0,2026-01-01,0.00028301128411139414
mittelklasse,JAGUAR X-TYPE,3062.0,2026-01-01,0.0005619847937413027
mittelklasse,JAGUAR XE,6214.0,2026-01-01,0.0011404877558159553
mittelklasse,KIA OPTIMA,6832.0,2026-01-01,0.0012539125117049575
mittelklasse,KIA STINGER,3547.0,2026-01-01,0.0006509993675376881
mittelklasse,LEXUS IS,6213.0,2026-01-01,0.0011403042206122513
mittelklasse,MAZDA 6,84728.0,2026-01-01,0.015550570739422958
mittelklasse,MAZDA 626,4660.0,2026-01-01,0.0008552740492601145
mittelklasse,MAZDA RX-8,1916.0,2026-01-01,0.00035165345029664795
mittelklasse,MERCEDES 190,27721.0,2026-01-01,0.005087779381875458
mittelklasse,MERCEDES C-KLASSE,937433.0,2026-01-01,0.17205195661374612
mittelklasse,MERCEDES CLA-KLASSE,165548.0,2026-01-01,0.030383885902771125
mittelklasse,MG ROEWE 5,5046.0,2026-01-01,0.000926118637889815
mittelklasse,"MG ROVER 75, MG ZT",1703.0,2026-01-01,0.00031256045190772
mittelklasse,MITSUBISHI CARISMA,4979.0,2026-01-01,0.0009138217792416546
mittelklasse,MITSUBISHI GALANT,1875.0,2026-01-01,0.0003441285069447886
mittelklasse,NISSAN PRIMERA,7384.0,2026-01-01,0.0013552239441495034
mittelklasse,OPEL CALIBRA,4769.0,2026-01-01,0.0008752793864638382
mittelklasse,OPEL CASCADA,14413.0,2026-01-01,0.002645292890984127
mittelklasse,OPEL INSIGNIA,173096.0,2026-01-01,0.031769209620328066
mittelklasse,OPEL SIGNUM,9706.0,2026-01-01,0.0017813926871499295
mittelklasse,OPEL VECTRA,56137.0,2026-01-01,0.010303115730325118
mittelklasse,PEUGEOT 406,3622.0,2026-01-01,0.0006647645078154795
mittelklasse,PEUGEOT 407,8100.0,2026-01-01,0.0014866351500014865
mittelklasse,PEUGEOT 408,6271.0,2026-01-01,0.0011509492624270769
mittelklasse,PEUGEOT 508,24181.0,2026-01-01,0.004438064760763697
mittelklasse,POLESTAR 2,10973.0,2026-01-01,0.0020139317902427545
mittelklasse,RENAULT LAGUNA,21172.0,2026-01-01,0.003885807332818701
mittelklasse,RENAULT TALISMAN,13452.0,2026-01-01,0.002468915560224691
mittelklasse,SAAB 9-3,24272.0,2026-01-01,0.004454766464300751
mittelklasse,SEAT EXEO,13160.0,2026-01-01,0.002415323280743156
mittelklasse,SKODA SUPERB,195680.0,2026-01-01,0.03591416866077665
mittelklasse,SONSTIGE SONSTIGE,14081.0,2026-01-01,0.002584359203354436
mittelklasse,SUBARU LEGACY,9595.0,2026-01-01,0.001761020279538798
mittelklasse,SUBARU LEVORG,2067.0,2026-01-01,0.0003793672660559349
mittelklasse,SUZUKI KIZASHI,1135.0,2026-01-01,0.00020831245620391202
mittelklasse,TESLA MODEL 3,81352.0,2026-01-01,0.014930955891718634
mittelklasse,TOYOTA AVENSIS,69405.0,2026-01-01,0.012738260813068294
mittelklasse,TOYOTA CARINA,1708.0,2026-01-01,0.0003134781279262394
mittelklasse,TOYOTA CELICA,3989.0,2026-01-01,0.0007321219275748062
mittelklasse,VOLVO 40,48572.0,2026-01-01,0.00891467191430521
mittelklasse,VOLVO 60,71950.0,2026-01-01,0.013205357906494688
mittelklasse,VOLVO V50,21557.0,2026-01-01,0.003956468386244697
mittelklasse,VW ARTEON,43703.0,2026-01-01,0.008021039007470985
mittelklasse,VW CORRADO,4437.0,2026-01-01,0.0008143456988341477
mittelklasse,VW PASSAT,891326.0,2026-01-01,0.163589698976571
mittelklasse,VW SCIROCCO,27483.0,2026-01-01,0.005044098003393933
obere_mittelklasse,AUDI A6,445674.0,2026-01-01,0.2500239828333403
obere_mittelklasse,BMW 5ER,485151.0,2026-01-01,0.2721706567930324
obere_mittelklasse,CHRYSLER 300C,4659.0,2026-01-01,0.0026137080826355874
obere_mittelklasse,FORD SCORPIO,1030.0,2026-01-01,0.0005778320079662276
obere_mittelklasse,JAGUAR S-TYPE,1962.0,2026-01-01,0.0011006858248832415
obere_mittelklasse,JAGUAR XF,10816.0,2026-01-01,0.006067797085594872
obere_mittelklasse,LEXUS GS,2232.0,2026-01-01,0.0012521563512433206
obere_mittelklasse,MERCEDES CLE,13602.0,2026-01-01,0.007630748516851096
obere_mittelklasse,MERCEDES E-KLASSE,616445.0,2026-01-01,0.34582684674829245
obere_mittelklasse,OPEL OMEGA,13350.0,2026-01-01,0.0074893760255816885
obere_mittelklasse,SAAB 9-5,4806.0,2026-01-01,0.002696175369209408
obere_mittelklasse,SAAB 9000,1089.0,2026-01-01,0.0006109311229856524
obere_mittelklasse,SONSTIGE SONSTIGE,11505.0,2026-01-01,0.006454327428787815
obere_mittelklasse,SUBARU OUTBACK,7187.0,2026-01-01,0.004031921010925513
obere_mittelklasse,TOYOTA CAMRY,2561.0,2026-01-01,0.0014367259926228245
obere_mittelklasse,VOLVO 70,79715.0,2026-01-01,0.04472027040293965
obere_mittelklasse,VOLVO 80,5690.0,2026-01-01,0.0031921010925512966
obere_mittelklasse,VOLVO 90,28257.0,2026-01-01,0.0158522320865065
obere_mittelklasse,VW ID.7,46794.0,2026-01-01,0.026251525224050155
oberklasse,AUDI A7,20839.0,2026-01-01,0.07327948462780041
oberklasse,AUDI A8,24904.0,2026-01-01,0.08757388959022706
oberklasse,AUDI E-TRON GT,5382.0,2026-01-01,0.018925581182725748
oberklasse,BENTLEY CONTINENTAL,4390.0,2026-01-01,0.0154372540676637
oberklasse,BMW 6ER,19387.0,2026-01-01,0.06817358647147977
oberklasse,BMW 7ER,28538.0,2026-01-01,0.10035270081617008
oberklasse,BMW 8ER,11014.0,2026-01-01,0.0387302770617877
oberklasse,JAGUAR XJ,9096.0,2026-01-01,0.03198570911149636
oberklasse,MASERATI GHIBLI,2021.0,2026-01-01,0.007106763205181854
oberklasse,MASERATI QUATTROPORTE,1460.0,2026-01-01,0.005134029826603418
oberklasse,MERCEDES CL-KLASSE,2705.0,2026-01-01,0.009512021014357702
oberklasse,MERCEDES CLS,34927.0,2026-01-01,0.12281935599573805
oberklasse,MERCEDES S-KLASSE,64544.0,2026-01-01,0.22696631584129517
oberklasse,PORSCHE PANAMERA,17741.0,2026-01-01,0.06238549531080221
oberklasse,PORSCHE TAYCAN,13285.0,2026-01-01,0.04671615496330575
oberklasse,SONSTIGE SONSTIGE,5101.0,2026-01-01,0.017937456264043857
oberklasse,TESLA MODEL S,9669.0,2026-01-01,0.03400063999549893
oberklasse,VW PHAETON,9374.0,2026-01-01,0.032963284653822214
suv,ALFA ROMEO JUNIOR,3645.0,2026-01-01,0.0005066776500109885
suv,ALFA ROMEO STELVIO,11075.0,2026-01-01,0.0015394938199922352
suv,ALFA ROMEO TONALE,4594.0,2026-01-01,0.0006385945470920387
suv,AUDI Q2,110751.0,2026-01-01,0.015395077206136346
suv,AUDI Q4,46608.0,2026-01-01,0.006478801621868902
suv,AUDI Q6,14440.0,2026-01-01,0.002007249730084684
suv,BMW IX,12461.0,2026-01-01,0.001732156432589006
suv,BMW X1,365423.0,2026-01-01,0.05079606773661603
suv,BMW X2,48258.0,2026-01-01,0.006708161874960297
suv,BMW XM,1817.0,2026-01-01,0.0002525742908285229
suv,BYD ATTO 3,2557.0,2026-01-01,0.0003554388891846632
suv,BYD SEAL U,5299.0,2026-01-01,0.0007365939279583615
suv,BYD SEALION 7,1687.0,2026-01-01,0.00023450348300920097
suv,CHEVROLET CAPTIVA,11237.0,2026-01-01,0.0015620128266593902
suv,CHEVROLET TRAX,3088.0,2026-01-01,0.00042925118881589365
suv,CITROEN C-CROSSER,2289.0,2026-01-01,0.00031818522383406106
suv,CITROEN C4 CACTUS,16852.0,2026-01-01,0.0023425327182401033
suv,DACIA BIGSTER,14083.0,2026-01-01,0.001957624511688546
suv,DACIA DUSTER,237855.0,2026-01-01,0.0330633230297294
suv,DAIHATSU TERIOS,5850.0,2026-01-01,0.0008131863518694876
suv,DS 7,7942.0,2026-01-01,0.0011039873515465762
suv,FIAT 600,10813.0,2026-01-01,0.0015030741919256016
suv,FIAT SEDICI,5497.0,2026-01-01,0.0007641171583293288
suv,FORD CAPRI,4175.0,2026-01-01,0.0005803509434282241
suv,FORD ECOSPORT,100235.0,2026-01-01,0.013933287859767196
suv,FORD EDGE,14659.0,2026-01-01,0.0020376920909495415
suv,FORD EXPLORER,16589.0,2026-01-01,0.0023059740839594754
suv,FORD KUGA,361864.0,2026-01-01,0.05030134462100859
suv,FORD MUSTANG MACH-E,10960.0,2026-01-01,0.0015235081053828349
suv,GWM WEY 05,1072.0,2026-01-01,0.00014901466140240866
suv,HONDA CR-V,62503.0,2026-01-01,0.008688305393315998
suv,HONDA E:NY1,1075.0,2026-01-01,0.00014943168004439303
suv,HONDA HR-V,26264.0,2026-01-01,0.0036508592043590126
suv,HONDA ZR-V,2128.0,2026-01-01,0.0002958052233809008
suv,HYUNDAI BAYON,16308.0,2026-01-01,0.002266913337826941
suv,HYUNDAI GV70,1754.0,2026-01-01,0.0002438168993468515
suv,HYUNDAI IONIQ5,37561.0,2026-01-01,0.00522121240385809
suv,HYUNDAI IX 35,66106.0,2026-01-01,0.009189144782339205
suv,HYUNDAI IX 55,1133.0,2026-01-01,0.0001574940404560905
suv,HYUNDAI KONA,152051.0,2026-01-01,0.021136033844120935
suv,HYUNDAI TUCSON,238752.0,2026-01-01,0.03318801160368272
suv,"INFINITI FX, QX70",1284.0,2026-01-01,0.00017848397876930292
suv,JEEP AVENGER,14775.0,2026-01-01,0.0020538168117729366
suv,KGM KORANDO,7412.0,2026-01-01,0.0010303140581293406
suv,KGM TIVOLI,9234.0,2026-01-01,0.0012835833800278374
suv,KGM TORRES,1029.0,2026-01-01,0.00014303739420063296
suv,KIA EV3,8616.0,2026-01-01,0.0011976775397790607
suv,KIA EV6,16921.0,2026-01-01,0.0023521241470057437
suv,KIA EV9,2228.0,2026-01-01,0.00030970584478037924
suv,KIA NIRO,37419.0,2026-01-01,0.00520147352147083
suv,KIA SPORTAGE,172822.0,2026-01-01,0.024023331915006597
suv,KIA STONIC,43667.0,2026-01-01,0.006069984346510242
suv,LADA NIVA,14978.0,2026-01-01,0.002082035073213878
suv,LEAPMOTOR C10,1912.0,2026-01-01,0.0002657798811580274
suv,LEXUS LBX,2022.0,2026-01-01,0.0002810705646974537
suv,LEXUS NX,6536.0,2026-01-01,0.0009085446146699095
suv,LEXUS RX,6742.0,2026-01-01,0.0009371798947528351
suv,LEXUS UX,5121.0,2026-01-01,0.0007118508218672899
suv,LYNK & CO 01,3153.0,2026-01-01,0.0004382865927255546
suv,MASERATI GRECALE,1207.0,2026-01-01,0.00016778050029170454
suv,MASERATI LEVANTE,1815.0,2026-01-01,0.00025229627840053336
suv,MAZDA CX-3,65215.0,2026-01-01,0.009065290245669853
suv,MAZDA CX-30,56635.0,2026-01-01,0.007872616929594603
suv,MAZDA CX-5,141110.0,2026-01-01,0.019615166856804
suv,MAZDA CX-60,24180.0,2026-01-01,0.003361170254393882
suv,MAZDA CX-7,4411.0,2026-01-01,0.0006131564099309931
suv,MAZDA CX-80,3371.0,2026-01-01,0.00046858994737641754
suv,MAZDA MX-30,10824.0,2026-01-01,0.0015046032602795442
suv,MAZDA TRIBUTE,1559.0,2026-01-01,0.00021671068761786857
suv,MERCEDES GLA,157052.0,2026-01-01,0.02183120392030885
suv,MERCEDES GLB,62764.0,2026-01-01,0.008724586015168637
suv,"MERCEDES GLK, GLC",321601.0,2026-01-01,0.0447045374269366
suv,MERCEDES R-KLASSE,6968.0,2026-01-01,0.0009685952991156563
suv,MG ROEWE MARVEL,1544.0,2026-01-01,0.00021462559440794683
suv,MG ROEWE RX6,11787.0,2026-01-01,0.0016384662443565214
suv,MG ROEWE S5,1268.0,2026-01-01,0.00017625987934538636
suv,MG ROEWE ZS,16529.0,2026-01-01,0.0022976337111197884
suv,MITSUBISHI ASX,83423.0,2026-01-01,0.011596315390086882
suv,MITSUBISHI ECLIPSE CROSS,50605.0,2026-01-01,0.007034409459206055
suv,MITSUBISHI GRANDIS,2294.0,2026-01-01,0.00031888025490403496
suv,MITSUBISHI OUTLANDER,64713.0,2026-01-01,0.00899550912624447
suv,NISSAN ARIYA,3047.0,2026-01-01,0.0004235519340421075
suv,NISSAN MURANO,2230.0,2026-01-01,0.0003099838572083688
suv,NISSAN QASHQAI,271225.0,2026-01-01,0.037701960390735346
suv,OPEL ANTARA,10815.0,2026-01-01,0.0015033522043535912
suv,OPEL CROSSLAND X,129997.0,2026-01-01,0.018070390800679962
suv,OPEL FRONTERA,13523.0,2026-01-01,0.0018797810318514668
suv,OPEL GRANDLAND X,120470.0,2026-01-01,0.016746078599951652
suv,OPEL MOKKA,286842.0,2026-01-01,0.03987282043469189
suv,PEUGEOT 2008,110432.0,2026-01-01,0.015350734223872009
suv,PEUGEOT 4007,2093.0,2026-01-01,0.00029094000589108336
suv,POLESTAR 4,3017.0,2026-01-01,0.000419381747622264
suv,RENAULT ARKANA,21709.0,2026-01-01,0.0030176858996127705
suv,RENAULT AUSTRAL,25968.0,2026-01-01,0.0036097133650165565
suv,RENAULT CAPTUR,165847.0,2026-01-01,0.023053763572392978
suv,RENAULT KADJAR,52902.0,2026-01-01,0.007353706732752074
suv,RENAULT KOLEOS,19026.0,2026-01-01,0.0026447322274647644
suv,RENAULT RAFALE,4720.0,2026-01-01,0.0006561093300553815
suv,RENAULT SYMBIOZ,4820.0,2026-01-01,0.0006700099514548598
suv,SEAT ARONA,147496.0,2026-01-01,0.020502860539374692
suv,SEAT ATECA,176308.0,2026-01-01,0.024507907576992415
suv,SEAT FORMENTOR,114178.0,2026-01-01,0.01587145150149647
suv,SEAT TARRACO,40436.0,2026-01-01,0.005620855269093094
suv,SEAT TAVASCAN,14649.0,2026-01-01,0.002036302028809594
suv,SEAT TERRAMAR,17292.0,2026-01-01,0.0024036954523978084
suv,SKODA ELROQ,24926.0,2026-01-01,0.0034648688900339912
suv,SKODA ENYAQ,80970.0,2026-01-01,0.011255333147157678
suv,SKODA KAMIQ,133513.0,2026-01-01,0.018559136649085622
suv,SKODA KAROQ,203076.0,2026-01-01,0.0282288259132048
suv,SKODA YETI,147747.0,2026-01-01,0.020537751099087384
suv,SMART 1,14877.0,2026-01-01,0.0020679954456004047
suv,SMART 3,2792.0,2026-01-01,0.0003881053494734375
suv,SMART 5,1520.0,2026-01-01,0.000211289445272072
suv,SONSTIGE SONSTIGE,16510.0,2026-01-01,0.0022949925930538873
suv,SUBARU CROSSTREK,20754.0,2026-01-01,0.0028849349652477515
suv,SUZUKI ACROSS,1109.0,2026-01-01,0.0001541578913202157
suv,SUZUKI S-CROSS,41485.0,2026-01-01,0.005766672787573623
suv,SUZUKI SAMURAI,3977.0,2026-01-01,0.0005528277130572568
suv,SUZUKI VITARA,81256.0,2026-01-01,0.011295088924360186
suv,TESLA MODEL X,3609.0,2026-01-01,0.0005016734263071762
suv,TESLA MODEL Y,106184.0,2026-01-01,0.014760235826822166
suv,TOYOTA BZ4,9141.0,2026-01-01,0.0012706558021263225
suv,TOYOTA C-HR,66957.0,2026-01-01,0.009307439070448766
suv,TOYOTA RAV 4,112462.0,2026-01-01,0.01563291683828142
suv,TOYOTA URBAN CRUISER,2033.0,2026-01-01,0.0002825996330513963
suv,VOLVO C40,3852.0,2026-01-01,0.0005354519363079087
suv,VOLVO EX30,12288.0,2026-01-01,0.0017081083575679083
suv,VOLVO EX90,1348.0,2026-01-01,0.0001873803764649691
suv,VOLVO XC70,8601.0,2026-01-01,0.001195592446569139
suv,"VW ID.4, ID.5",97120.0,2026-01-01,0.013500283503173442
suv,VW T-CROSS,197878.0,2026-01-01,0.02750627161285991
suv,VW T-ROC,426061.0,2026-01-01,0.05922512654083176
suv,VW TAIGO,80248.0,2026-01-01,0.011154970660653444
suv,VW TAYRON,23619.0,2026-01-01,0.003283187768342808
suv,XPENG G6,1704.0,2026-01-01,0.0002368665886471123
suv,XPENG G9,1208.0,2026-01-01,0.00016791950650569932
gelaendewagen,AUDI Q3,227254.0,2026-01-01,0.06797973177719074
gelaendewagen,AUDI Q5,217970.0,2026-01-01,0.06520255808687313
gelaendewagen,AUDI Q7,56865.0,2026-01-01,0.01701033842092967
gelaendewagen,AUDI Q8,47995.0,2026-01-01,0.01435700681460511
gelaendewagen,BMW X3,279145.0,2026-01-01,0.0835021703773923
gelaendewagen,BMW X4,35689.0,2026-01-01,0.010675845738231935
gelaendewagen,BMW X5,112441.0,2026-01-01,0.03363509122285682
gelaendewagen,BMW X6,21313.0,2026-01-01,0.006375474241893503
gelaendewagen,BMW X7,8879.0,2026-01-01,0.0026560238255418016
gelaendewagen,CADILLAC ESCALADE,1253.0,2026-01-01,0.0003748167421335598
gelaendewagen,DODGE NITRO,2190.0,2026-01-01,0.0006551066761951285
gelaendewagen,FORD MAVERICK,2944.0,2026-01-01,0.0008806548195061453
gelaendewagen,HUMMER H2,1237.0,2026-01-01,0.0003700305746362438
gelaendewagen,HYUNDAI SANTA FE,40166.0,2026-01-01,0.012015075231074672
gelaendewagen,HYUNDAI TERRACAN,2222.0,2026-01-01,0.0006646790111897604
gelaendewagen,INEOS GRENADIER,1644.0,2026-01-01,0.0004917787103492198
gelaendewagen,JAGUAR E-PACE,7600.0,2026-01-01,0.0022734295612251033
gelaendewagen,JAGUAR F-PACE,10156.0,2026-01-01,0.0030380198189213356
gelaendewagen,JEEP CHEROKEE,11792.0,2026-01-01,0.003527405445521897
gelaendewagen,JEEP COMMANDER,1266.0,2026-01-01,0.00037870550322512906
gelaendewagen,JEEP COMPASS,41265.0,2026-01-01,0.012343825111046564
gelaendewagen,JEEP GRAND CHEROKEE,31617.0,2026-01-01,0.009457766110165012
gelaendewagen,JEEP RENEGADE,33399.0,2026-01-01,0.009990825515178582
gelaendewagen,JEEP WRANGLER,26998.0,2026-01-01,0.008076059380783597
gelaendewagen,KGM REXTON,6898.0,2026-01-01,0.0020634364622803634
gelaendewagen,KIA SORENTO,50044.0,2026-01-01,0.01496993538973014
gelaendewagen,LAMBORGHINI URUS,1959.0,2026-01-01,0.0005860063829526286
gelaendewagen,LAND ROVER DEFENDER,21429.0,2026-01-01,0.006410173956249044
gelaendewagen,LAND ROVER DISCOVERY,11732.0,2026-01-01,0.003509457317406962
gelaendewagen,LAND ROVER DISCOVERY SPORT,16213.0,2026-01-01,0.004849883352124026
gelaendewagen,LAND ROVER FREELANDER,11384.0,2026-01-01,0.003405358174340339
gelaendewagen,LAND ROVER RANGE ROVER,8722.0,2026-01-01,0.0026090595569743884
gelaendewagen,LAND ROVER RANGE ROVER EVOQUE,31829.0,2026-01-01,0.009521182829504449
gelaendewagen,LAND ROVER RANGE ROVER SPORT,15365.0,2026-01-01,0.004596216474766278
gelaendewagen,LAND ROVER RANGE ROVER VELAR,8706.0,2026-01-01,0.0026042733894770724
gelaendewagen,MERCEDES G-KLASSE,38563.0,2026-01-01,0.011535561074937323
gelaendewagen,"MERCEDES GL-KLASSE, GLS",15995.0,2026-01-01,0.004784671819973095
gelaendewagen,"MERCEDES ML-KLASSE, GLE",158400.0,2026-01-01,0.04738305822342847
gelaendewagen,MITSUBISHI PAJERO,17522.0,2026-01-01,0.005241451680498192
gelaendewagen,MITSUBISHI PAJERO PININ,2192.0,2026-01-01,0.000655704947132293
gelaendewagen,NISSAN PATHFINDER,4743.0,2026-01-01,0.0014187995274856139
gelaendewagen,NISSAN PATROL,1374.0,2026-01-01,0.0004110121338320121
gelaendewagen,NISSAN X-TRAIL,58880.0,2026-01-01,0.017613096390122904
gelaendewagen,PORSCHE CAYENNE,66078.0,2026-01-01,0.019766273492977944
gelaendewagen,PORSCHE MACAN,52064.0,2026-01-01,0.015574189036266287
gelaendewagen,SKODA KODIAQ,174768.0,2026-01-01,0.05227930757318274
gelaendewagen,SONSTIGE SONSTIGE,6454.0,2026-01-01,0.0019306203142298443
gelaendewagen,SUBARU FORESTER,46213.0,2026-01-01,0.013823947409591539
gelaendewagen,SUZUKI GRAND VITARA,24908.0,2026-01-01,0.007450866251446694
gelaendewagen,SUZUKI JIMNY,65104.0,2026-01-01,0.019474915546578833
gelaendewagen,TOYOTA LANDCRUISER,11918.0,2026-01-01,0.0035650965145632607
gelaendewagen,VOLVO XC40,69910.0,2026-01-01,0.020912560608585127
gelaendewagen,VOLVO XC60,149230.0,2026-01-01,0.04463998597652923
gelaendewagen,VOLVO XC90,57840.0,2026-01-01,0.017301995502797367
gelaendewagen,VW TIGUAN,811016.0,2026-01-01,0.2426036511877024
gelaendewagen,VW TOUAREG,102214.0,2026-01-01,0.030575832785666147
sportwagen,ALFA ROMEO ALFA SPIDER,9178.0,2026-01-01,0.010092790329923617
sportwagen,ALPINE A110,1436.0,2026-01-01,0.0015791291037012764
sportwagen,ASTON MARTIN V8,1477.0,2026-01-01,0.0016242156588905188
sportwagen,AUDI R8,5260.0,2026-01-01,0.005784275129156485
sportwagen,AUDI TT,94230.0,2026-01-01,0.10362209988981286
sportwagen,BMW I8,1316.0,2026-01-01,0.0014471684543669078
sportwagen,BMW Z1,3003.0,2026-01-01,0.0033023152495925715
sportwagen,BMW Z3,42766.0,2026-01-01,0.047028576078613354
sportwagen,BMW Z4,59374.0,2026-01-01,0.06529192994648995
sportwagen,BMW Z8,1702.0,2026-01-01,0.0018716418763924597
sportwagen,CHEVROLET CAMARO,3107.0,2026-01-01,0.0034166811456823576
sportwagen,CHEVROLET CORVETTE,4438.0,2026-01-01,0.004880344681216061
sportwagen,CHRYSLER CROSSFIRE,4255.0,2026-01-01,0.00467910469098115
sportwagen,FERRARI 488,1208.0,2026-01-01,0.0013284038699659761
sportwagen,FERRARI F 430,1115.0,2026-01-01,0.0012261343667318405
sportwagen,FORD MUSTANG,37835.0,2026-01-01,0.0416060930630486
sportwagen,HONDA CR-Z,1471.0,2026-01-01,0.0016176176264238004
sportwagen,HONDA S2000,1679.0,2026-01-01,0.0018463494186033724
sportwagen,HYUNDAI VELOSTER,2257.0,2026-01-01,0.002481959879563914
sportwagen,JAGUAR F-TYPE,6411.0,2026-01-01,0.007049997690688637
sportwagen,JAGUAR XK,7236.0,2026-01-01,0.00795722715486242
sportwagen,LOTUS ELISE,1911.0,2026-01-01,0.0021014733406498182
sportwagen,MASERATI GRANTURISMO,1200.0,2026-01-01,0.001319606493343685
sportwagen,MERCEDES AMG GT,10309.0,2026-01-01,0.01133651944990004
sportwagen,MERCEDES CLK,73816.0,2026-01-01,0.0811733940938812
sportwagen,MERCEDES E-KLASSE COUPE,61483.0,2026-01-01,0.06761113835854149
sportwagen,MERCEDES SL,67093.0,2026-01-01,0.07378029871492321
sportwagen,"MERCEDES SLK, SLC",150182.0,2026-01-01,0.16515095198611773
sportwagen,MERCEDES SLS AMG,2268.0,2026-01-01,0.0024940562724195645
sportwagen,MORGAN 4/4,1253.0,2026-01-01,0.0013778891134663643
sportwagen,NISSAN 350Z,2762.0,2026-01-01,0.003037294278846048
sportwagen,NISSAN 370Z,2423.0,2026-01-01,0.002664505444476457
sportwagen,OPEL GT,3368.0,2026-01-01,0.003703695557984609
sportwagen,OPEL SPEEDSTER,1407.0,2026-01-01,0.0015472386134454705
sportwagen,PEUGEOT RCZ,4657.0,2026-01-01,0.005121172866251284
sportwagen,PORSCHE 911,151238.0,2026-01-01,0.16631220570026017
sportwagen,PORSCHE 928,1206.0,2026-01-01,0.0013262045258104033
sportwagen,PORSCHE 968,1829.0,2026-01-01,0.002011300230271333
sportwagen,PORSCHE BOXSTER,39039.0,2026-01-01,0.04293009824470343
sportwagen,PORSCHE CAYMAN,12597.0,2026-01-01,0.013852569163875332
sportwagen,SONSTIGE SONSTIGE,16228.0,2026-01-01,0.017845478478317765
sportwagen,SUBARU BRZ,1470.0,2026-01-01,0.001616517954346014
sportwagen,TOYOTA GR 86,1262.0,2026-01-01,0.001387786162166442
sportwagen,TOYOTA GT 86,3552.0,2026-01-01,0.0039060352202973073
sportwagen,TOYOTA MR-2,4023.0,2026-01-01,0.004423980768934703
sportwagen,TOYOTA SUPRA,2032.0,2026-01-01,0.0022345336620619733
mini_vans,CHRYSLER PT CRUISER,5257.0,2026-01-01,0.00323852470630271
mini_vans,DACIA LODGY,39932.0,2026-01-01,0.024599727710116
mini_vans,FIAT IDEA,2280.0,2026-01-01,0.0014045722523055315
mini_vans,FORD B-MAX,65542.0,2026-01-01,0.04037652393009173
mini_vans,FORD C-MAX,154194.0,2026-01-01,0.0949897429263154
mini_vans,HONDA FR-V,2877.0,2026-01-01,0.0017723484078434272
mini_vans,HYUNDAI IX 20,66608.0,2026-01-01,0.041033223062090715
mini_vans,HYUNDAI MATRIX,8696.0,2026-01-01,0.0053570878535302196
mini_vans,KIA SOUL,17183.0,2026-01-01,0.010585423250599099
mini_vans,KIA VENGA,39818.0,2026-01-01,0.024529499097500723
mini_vans,LANCIA MUSA,2190.0,2026-01-01,0.0013491286107671552
mini_vans,MAZDA PREMACY,3142.0,2026-01-01,0.0019355991301508683
mini_vans,MERCEDES B-KLASSE,454549.0,2026-01-01,0.28002057575141537
mini_vans,MERCEDES VANEO,4609.0,2026-01-01,0.002839330487226401
mini_vans,NISSAN ALMERA TINO,6248.0,2026-01-01,0.003849020803686386
mini_vans,NISSAN NOTE,51424.0,2026-01-01,0.031679264694105105
mini_vans,OPEL MERIVA,297290.0,2026-01-01,0.18314266881048746
mini_vans,PEUGEOT 1007,6848.0,2026-01-01,0.004218645080608895
mini_vans,PEUGEOT 3008,68553.0,2026-01-01,0.04223142175978118
mini_vans,RENAULT MODUS,42770.0,2026-01-01,0.026348050539959464
mini_vans,RENAULT SCENIC,130340.0,2026-01-01,0.08029471375679954
mini_vans,SEAT ALTEA,43787.0,2026-01-01,0.026974563689343117
mini_vans,SKODA ROOMSTER,92517.0,2026-01-01,0.05699421538006616
mini_vans,SONSTIGE SONSTIGE,3466.0,2026-01-01,0.0021351962396890228
mini_vans,SUBARU TREZIA,1485.0,2026-01-01,0.000914820085383208
mini_vans,TOYOTA VERSO-S,11665.0,2026-01-01,0.007186111983835099
grossraum_vans,CHEVROLET ORLANDO,8308.0,2026-01-01,0.004839638902821007
grossraum_vans,CHRYSLER VOYAGER,4910.0,2026-01-01,0.0028602102807957558
grossraum_vans,CITROEN C8,3991.0,2026-01-01,0.0023248674604187092
grossraum_vans,DACIA JOGGER,52715.0,2026-01-01,0.030707939908787837
grossraum_vans,FIAT FREEMONT,6293.0,2026-01-01,0.003665845885345762
grossraum_vans,FIAT ULYSSE,1874.0,2026-01-01,0.0010916566326295818
grossraum_vans,FORD GALAXY,56344.0,2026-01-01,0.03282193239534747
grossraum_vans,FORD GRAND C-MAX,46772.0,2026-01-01,0.027245978666675986
grossraum_vans,FORD S-MAX,101684.0,2026-01-01,0.0592337316074207
grossraum_vans,KIA CARENS,17364.0,2026-01-01,0.01011500841461049
grossraum_vans,KIA CARNIVAL,2524.0,2026-01-01,0.0014702995414925637
grossraum_vans,LANCIA VOYAGER,2009.0,2026-01-01,0.0011702978521626627
grossraum_vans,MAZDA 5,37497.0,2026-01-01,0.021843035620977284
grossraum_vans,MERCEDES V-KLASSE,159327.0,2026-01-01,0.09281236729294204
grossraum_vans,MERCEDES VIANO,38347.0,2026-01-01,0.022338184040259643
grossraum_vans,OPEL ZAFIRA,225267.0,2026-01-01,0.13122423407821132
grossraum_vans,PEUGEOT 5008,39045.0,2026-01-01,0.022744788271623278
grossraum_vans,PEUGEOT 807,3944.0,2026-01-01,0.002297488665470155
grossraum_vans,RENAULT ESPACE,24383.0,2026-01-01,0.014203769302778599
grossraum_vans,SEAT ALHAMBRA,93728.0,2026-01-01,0.054599142402937804
grossraum_vans,SONSTIGE SONSTIGE,7660.0,2026-01-01,0.004462161049062218
grossraum_vans,TOYOTA COROLLA VERSO,21479.0,2026-01-01,0.012512109291489213
grossraum_vans,TOYOTA PREVIA,1244.0,2026-01-01,0.0007246642748085378
grossraum_vans,TOYOTA PRIUS PLUS,7289.0,2026-01-01,0.00424604332723427
grossraum_vans,TOYOTA VERSO,36821.0,2026-01-01,0.021449246995759782
grossraum_vans,VW SHARAN,127319.0,2026-01-01,0.07416682540542462
grossraum_vans,VW TOURAN,588519.0,2026-01-01,0.3428285324325127
utilities,CITROEN BERLINGO,119837.0,2026-01-01,0.05461358236972553
utilities,CITROEN JUMPER,3231.0,2026-01-01,0.0014724708114904677
utilities,CITROEN JUMPY,22062.0,2026-01-01,0.010054364296843917
utilities,CITROEN NEMO,1630.0,2026-01-01,0.000742843522974145
utilities,DACIA DOKKER,60968.0,2026-01-01,0.027785082152569123
utilities,FIAT DOBLO,17813.0,2026-01-01,0.008117958082661622
utilities,FIAT DUCATO,8551.0,2026-01-01,0.003896966236166818
utilities,FIAT FIORINO,7352.0,2026-01-01,0.0033505433011692723
utilities,FIAT SCUDO,4983.0,2026-01-01,0.0022709136656320025
utilities,FIAT TALENTO,5056.0,2026-01-01,0.0023041821178879
utilities,FORD TRANSIT CONNECT,54094.0,2026-01-01,0.024652378853842576
utilities,FORD TRANSIT COURIER,34578.0,2026-01-01,0.01575830879595091
utilities,FORD TRANSIT CUSTOM,138535.0,2026-01-01,0.06313486346946207
utilities,"FORD TRANSIT, TOURNEO",48893.0,2026-01-01,0.022282115563665564
utilities,HYUNDAI H-1 STAREX,7760.0,2026-01-01,0.0035364820480241503
utilities,HYUNDAI STARIA,7477.0,2026-01-01,0.003407509829004713
utilities,MAN TGE,2604.0,2026-01-01,0.001186726707867898
utilities,MERCEDES CITAN,40735.0,2026-01-01,0.01856425209101337
utilities,MERCEDES SPRINTER,48843.0,2026-01-01,0.02225932895253139
utilities,MERCEDES VITO,110222.0,2026-01-01,0.05023171704862344
utilities,NISSAN NV200,15916.0,2026-01-01,0.007253434056230976
utilities,NISSAN NV300,3004.0,2026-01-01,0.0013690195969413075
utilities,NISSAN PRIMASTAR,4809.0,2026-01-01,0.002191616258885069
utilities,NISSAN TOWNSTAR,9178.0,2026-01-01,0.004182710339789388
utilities,OPEL COMBO,42687.0,2026-01-01,0.019453841389691612
utilities,OPEL MOVANO,2680.0,2026-01-01,0.0012213623567918458
utilities,OPEL VIVARO,33074.0,2026-01-01,0.015072887533034889
utilities,OPEL ZAFIRA LIFE,21081.0,2026-01-01,0.00960729098639138
utilities,PEUGEOT BIPPER,1170.0,2026-01-01,0.0005332067005397237
utilities,PEUGEOT BOXER,3419.0,2026-01-01,0.0015581484693549703
utilities,PEUGEOT EXPERT,16068.0,2026-01-01,0.007322705354078872
utilities,PEUGEOT PARTNER,23363.0,2026-01-01,0.010647271918555183
utilities,PEUGEOT RIFTER,18641.0,2026-01-01,0.00849530436304358
utilities,RENAULT KANGOO,88864.0,2026-01-01,0.04049818823654872
utilities,RENAULT MASTER,4118.0,2026-01-01,0.001876705293010754
utilities,RENAULT TRAFIC,31621.0,2026-01-01,0.014410708613475728
utilities,SONSTIGE SONSTIGE,5070.0,2026-01-01,0.0023105623690054694
utilities,TOYOTA HIACE,1001.0,2026-01-01,0.000456187954906208
utilities,TOYOTA PROACE,34361.0,2026-01-01,0.015659414903628585
utilities,VW CADDY,444155.0,2026-01-01,0.20241574536600082
utilities,VW CRAFTER,11374.0,2026-01-01,0.005183498300802408
utilities,VW ID. BUZZ,17886.0,2026-01-01,0.00815122653491752
utilities,VW LT,1265.0,2026-01-01,0.0005765012616946586
utilities,VW TRANSPORTER,608774.0,2026-01-01,0.27743792813193996
utilities,VW TYP 2,5468.0,2026-01-01,0.002491943793633512
wohnmobile,CITROEN C25,1136.0,2026-01-01,0.0010856445488888868
wohnmobile,CITROEN JUMPER,89492.0,2026-01-01,0.08552508976158825
wohnmobile,CITROEN JUMPY,5416.0,2026-01-01,0.005175925067589974
wohnmobile,FIAT DUCATO,442126.0,2026-01-01,0.4225278889278591
wohnmobile,FIAT SONSTIGE,5320.0,2026-01-01,0.005084180457824716
wohnmobile,FORD SONSTIGE,1698.0,2026-01-01,0.0016227327852230014
wohnmobile,FORD TRANSIT CUSTOM,18878.0,2026-01-01,0.01804119524113064
wohnmobile,"FORD TRANSIT, TOURNEO",66106.0,2026-01-01,0.06317572055356403
wohnmobile,IVECO DAILY,17280.0,2026-01-01,0.016514029757746445
wohnmobile,LAND ROVER DEFENDER,1414.0,2026-01-01,0.00135132164800078
wohnmobile,MAN SONSTIGE,1486.0,2026-01-01,0.0014201301053247233
wohnmobile,MAN TGE,4508.0,2026-01-01,0.004308173966893575
wohnmobile,MERCEDES L 300-REIHE,1372.0,2026-01-01,0.0013111833812284794
wohnmobile,MERCEDES MB 100,1162.0,2026-01-01,0.0011104920473669776
wohnmobile,MERCEDES SONSTIGE,13758.0,2026-01-01,0.013148149386983542
wohnmobile,MERCEDES SPRINTER,60532.0,2026-01-01,0.05784879914906874
wohnmobile,MERCEDES V-KLASSE,15085.0,2026-01-01,0.014416327482384557
wohnmobile,MERCEDES VARIO,1186.0,2026-01-01,0.001133428199808292
wohnmobile,MERCEDES VIANO,3252.0,2026-01-01,0.003107848655798116
wohnmobile,MERCEDES VITO,4502.0,2026-01-01,0.004302439928783246
wohnmobile,OPEL MOVANO,2896.0,2026-01-01,0.0027676290612519507
wohnmobile,OPEL VIVARO,1655.0,2026-01-01,0.001581638845432313
wohnmobile,OPEL ZAFIRA LIFE,2219.0,2026-01-01,0.002120638427803204
wohnmobile,PEUGEOT BOXER,25423.0,2026-01-01,0.024296075146480783
wohnmobile,PEUGEOT J5,3212.0,2026-01-01,0.0030696217350625918
wohnmobile,PEUGEOT SONSTIGE,1747.0,2026-01-01,0.0016695607631240187
wohnmobile,RENAULT MASTER,18829.0,2026-01-01,0.01799436726322962
wohnmobile,RENAULT TRAFIC,4018.0,2026-01-01,0.003839894187883404
wohnmobile,SONSTIGE SONSTIGE,30839.0,2026-01-01,0.029472000214070756
wohnmobile,VW CADDY,2090.0,2026-01-01,0.0019973566084311384
wohnmobile,VW CRAFTER,20304.0,2026-01-01,0.019403984965352075
wohnmobile,VW LT,5362.0,2026-01-01,0.005124318724597016
wohnmobile,VW SONSTIGE,26564.0,2026-01-01,0.02538649806046161
wohnmobile,VW TRANSPORTER,141082.0,2026-01-01,0.13482826078023055
wohnmobile,VW TYP 2,4434.0,2026-01-01,0.0042374541635328555
sonstige,SONSTIGE SONSTIGE,1139259.0,2026-01-01,1.0
