cell_id,stichtag,ev_share,minx,miny,maxx,maxy,suppressed
5kmN3155E4320,2026-04-01,0.071,1111590.0368999988,6711231.421400003,1119614.3907999992,6719275.115199998,False
5kmN3155E4325,2026-04-01,0.076,1119608.0689999983,6711221.116800003,1127638.7331000008,6719272.732199997,False
5kmN3155E4330,2026-04-01,0.052000000000000005,1127624.5091999993,6711202.885600001,1135663.0494999997,6719262.405699998,False
5kmN3155E4335,2026-04-01,0.085,1135640.9235999994,6711176.727899998,1143687.3255999982,6719244.135799997,False
5kmN3155E4340,2026-04-01,0.06,1143657.297699999,6711142.6439,1151711.5469999984,6719217.922700003,False
5kmN3155E4345,2026-04-01,0.047,1151673.6174000017,6711100.6338,1159735.6992000006,6719183.766400002,False
5kmN3155E4350,2026-04-01,0.04,1159689.8682000004,6711050.697800003,1167759.7679999992,6719141.667199999,False
5kmN3155E4355,2026-04-01,0.03,1167706.0357999988,6710992.836199999,1175783.7388000004,6719091.625299998,False
5kmN3155E4360,2026-04-01,0.022000000000000002,1175722.105799999,6710927.0493,1183807.5973000005,6719033.641000003,False
5kmN3155E4365,2026-04-01,0.028999999999999998,1183738.0639000013,6710853.3376,1191831.3291000016,6718967.7146999985,False
5kmN3155E4370,2026-04-01,0.028999999999999998,1191753.8957999982,6710771.701399997,1199854.9197999984,6718893.846699998,False
5kmN3155E4375,2026-04-01,0.031,1199769.5870999992,6710682.1413,1207878.3550000004,6718812.0374,False
5kmN3155E4380,2026-04-01,0.025,1207785.1235000007,6710584.657700002,1215901.6202999987,6718722.2874,False
5kmN3155E4385,2026-04-01,0.021,1215800.490699999,6710479.251199998,1223924.7014000006,6718624.597199999,False
5kmN3155E4390,2026-04-01,0.022000000000000002,1223815.6743,6710365.922499999,1231947.5837999992,6718518.967200004,False
5kmN3155E4395,2026-04-01,0.023,1231830.6598999985,6710244.6721,1239970.2531999983,6718405.3983,False
5kmN3155E4400,2026-04-01,0.042,1239845.4332999997,6710115.5009,1247992.6950999983,6718283.890900001,False
5kmN3155E4405,2026-04-01,0.023,1247859.9802,6709978.409400001,1256014.895300001,6718154.445799999,False
5kmN3155E4410,2026-04-01,0.039,1255874.2862000018,6709833.398599997,1264036.8394000009,6718017.0638,False
5kmN3155E4415,2026-04-01,0.031,1263888.3368999995,6709680.469300002,1272058.5128999986,6717871.7456,False
5kmN3155E4420,2026-04-01,0.027000000000000003,1271902.1182000004,6709519.622299999,1280079.9015000015,6717718.492200002,False
5kmN3155E4425,2026-04-01,0.027000000000000003,1279915.615600001,6709350.8587,1288100.9908999987,6717557.304300003,False
5kmN3155E4430,2026-04-01,0.039,1287928.8148999996,6709174.179300003,1296121.7666999996,6717388.182999998,False
5kmN3155E4435,2026-04-01,0.027000000000000003,1295941.7016999982,6708989.585199997,1304142.2144999988,6717211.129299998,False
5kmN3160E4320,2026-04-01,0.067,1111588.4525999986,6719272.732199997,1119620.7280000001,6727324.311099999,False
5kmN3160E4325,2026-04-01,0.07400000000000001,1119614.3907999992,6719262.405699998,1127652.991700001,6727321.923,False
5kmN3160E4330,2026-04-01,0.054000000000000006,1127638.7331000008,6719244.135799997,1135685.2294999994,6727311.574600004,False
5kmN3160E4335,2026-04-01,0.042,1135663.0494999997,6719217.922700003,1143717.4268000014,6727293.265900001,False
5kmN3160E4340,2026-04-01,0.061,1143687.3255999982,6719183.766400002,1151749.5691,6727266.997100003,False
5kmN3160E4345,2026-04-01,0.04,1151711.5469999984,6719141.667199999,1159781.642099999,6727232.768299997,False
5kmN3160E4350,2026-04-01,0.034,1159735.6992000006,6719091.625299998,1167813.6312000006,6727190.579700001,False
5kmN3160E4355,2026-04-01,0.027999999999999997,1167759.7679999992,6719033.641000003,1175845.5221000016,6727140.431500003,False
5kmN3160E4360,2026-04-01,0.04,1175783.7388000004,6718967.7146999985,1183877.3002000004,6727082.324100003,False
5kmN3160E4365,2026-04-01,0.036000000000000004,1183807.5973000005,6718893.846699998,1191908.951200001,6727016.257799998,False
5kmN3160E4370,2026-04-01,0.026000000000000002,1191831.3291000016,6718812.0374,1199940.4604999982,6726942.232900001,False
5kmN3160E4375,2026-04-01,0.04,1199854.9197999984,6718722.2874,1207971.8137999997,6726860.25,False
5kmN3160E4380,2026-04-01,0.0,1207878.3550000004,6718624.597199999,1216002.9965000004,6726770.3094,True
5kmN3160E4385,2026-04-01,0.03,1215901.6202999987,6718518.967200004,1224033.9943000004,6726672.411799997,False
5kmN3160E4390,2026-04-01,0.043,1223924.7014000006,6718405.3983,1232064.7928000018,6726566.557599999,False
5kmN3160E4395,2026-04-01,0.017,1231947.5837999992,6718283.890900001,1240095.3773000017,6726452.747500002,False
5kmN3160E4400,2026-04-01,0.0,1239970.2531999983,6718154.445799999,1248125.7336999997,6726330.9821000025,True
5kmN3160E4405,2026-04-01,0.018000000000000002,1247992.6950999983,6718017.0638,1256155.8473000005,6726201.2623,False
5kmN3160E4410,2026-04-01,0.008,1256014.895300001,6717871.7456,1264185.7038999982,6726063.588600002,False
5kmN3160E4415,2026-04-01,0.031,1264036.8394000009,6717718.492200002,1272215.288899999,6725917.9619999975,False
5kmN3160E4420,2026-04-01,0.028999999999999998,1272058.5128999986,6717557.304300003,1280244.5879999995,6725764.383299999,False
5kmN3160E4425,2026-04-01,0.027000000000000003,1280079.9015000015,6717388.182999998,1288273.5866999999,6725602.853299998,False
5kmN3160E4430,2026-04-01,0.026000000000000002,1288100.9908999987,6717211.129299998,1296302.2707000002,6725433.373099998,False
5kmN3160E4435,2026-04-01,0.016,1296121.7666999996,6717026.144000001,1304330.625500001,6725255.943599999,False
5kmN3165E4320,2026-04-01,0.055,1111586.864500001,6727321.923,1119627.080600001,6735381.408799998,False
5kmN3165E4325,2026-04-01,0.043,1119620.7280000001,6727311.574600004,1127667.2851999998,6735379.015600003,False
5kmN3165E4330,2026-04-01,0.054000000000000006,1127652.991700001,6727293.265900001,1135707.4635999985,6735368.645199999,False
5kmN3165E4335,2026-04-01,0.046,1135685.2294999994,6727266.997100003,1143747.601399999,6735350.297600001,False
5kmN3165E4340,2026-04-01,0.040999999999999995,1143717.4268000014,6727232.768299997,1151787.6840999983,6735323.972900003,False
5kmN3165E4345,2026-04-01,0.04,1151749.5691,6727190.579700001,1159827.6970999986,6735289.671300001,False
5kmN3165E4350,2026-04-01,0.042,1159781.642099999,6727140.431500003,1167867.6259999983,6735247.392999999,False
5kmN3165E4355,2026-04-01,0.040999999999999995,1167813.6312000006,6727082.324100003,1175907.4563000016,6735197.1382,False
5kmN3165E4360,2026-04-01,0.052000000000000005,1175845.5221000016,6727016.257799998,1183947.1733999997,6735138.907200001,False
5kmN3165E4365,2026-04-01,0.033,1183877.3002000004,6726942.232900001,1191986.7628000006,6735072.700400002,False
5kmN3165E4370,2026-04-01,0.013999999999999999,1191908.951200001,6726860.25,1200026.2100999989,6734998.518100001,False
5kmN3165E4375,2026-04-01,0.0,1199940.4604999982,6726770.3094,1208065.5007999986,6734916.360799998,True
5kmN3165E4385,2026-04-01,0.013999999999999999,1216002.9965000004,6726566.557599999,1224143.5540999994,6734728.123199999,False
5kmN3165E4390,2026-04-01,0.035,1224033.9943000004,6726452.747500002,1232182.2879000008,6734622.043899998,False
5kmN3165E4395,2026-04-01,0.034,1232064.7928000018,6726330.9821000025,1240220.807,6734507.991899997,False
5kmN3165E4400,2026-04-01,0.022000000000000002,1240095.3773000017,6726201.2623,1248259.0969999991,6734385.967600003,False
5kmN3165E4405,2026-04-01,0.011000000000000001,1248125.7336999997,6726063.588600002,1256297.1433999985,6734255.972000003,False
5kmN3165E4410,2026-04-01,0.016,1256155.8473000005,6725917.9619999975,1264334.9318000004,6734118.0057,False
5kmN3165E4415,2026-04-01,0.026000000000000002,1264185.7038999982,6725764.383299999,1272372.4475999996,6733972.069499999,False
5kmN3165E4420,2026-04-01,0.03,1272215.288899999,6725602.853299998,1280409.6763999984,6733818.164300002,False
5kmN3165E4425,2026-04-01,0.023,1280244.5879999995,6725433.373099998,1288446.6037999988,6733656.291000001,False
5kmN3165E4430,2026-04-01,0.024,1288273.5866999999,6725255.943599999,1296483.2151999995,6733486.450499997,False
5kmN3165E4435,2026-04-01,0.033,1296302.2707000002,6725070.565800004,1304519.496199999,6733308.6439,False
5kmN3170E4320,2026-04-01,0.022000000000000002,1111585.2723999992,6735379.015600003,1119633.4488000013,6743446.430200003,False
5kmN3170E4325,2026-04-01,0.057999999999999996,1119627.080600001,6735368.645199999,1127681.613499999,6743444.031900004,False
5kmN3170E4330,2026-04-01,0.048,1127667.2851999998,6735350.297600001,1135729.7520999983,6743433.639399998,False
5kmN3170E4335,2026-04-01,0.049,1135707.4635999985,6735323.972900003,1143777.8498000018,6743415.252700001,False
5kmN3170E4340,2026-04-01,0.049,1143747.601399999,6735289.671300001,1151825.8922000006,6743388.8719,False
5kmN3170E4345,2026-04-01,0.057999999999999996,1151787.6840999983,6735247.392999999,1159873.8647000007,6743354.497299999,False
5kmN3170E4350,2026-04-01,0.034,1159827.6970999986,6735197.1382,1167921.752799999,6743312.128899999,False
5kmN3170E4355,2026-04-01,0.19,1167867.6259999983,6735138.907200001,1175969.5419000015,6743261.767099999,False
5kmN3170E4360,2026-04-01,0.031,1175907.4563000016,6735072.700400002,1184017.2173000015,6743203.412100002,False
5kmN3170E4365,2026-04-01,0.067,1183947.1733999997,6734998.518100001,1192064.7646999992,6743137.064300001,False
5kmN3170E4370,2026-04-01,0.028999999999999998,1191986.7628000006,6734916.360799998,1200112.169300001,6743062.723999999,False
5kmN3170E4375,2026-04-01,0.0,1200026.2100999989,6734826.229000002,1208159.4167999998,6742980.391800001,True
5kmN3170E4380,2026-04-01,0.024,1208065.5007999986,6734728.123199999,1216206.4924000017,6742890.068000004,False
5kmN3170E4385,2026-04-01,0.03,1216104.6202999987,6734622.043899998,1224253.3817000017,6742791.753300004,False
5kmN3170E4390,2026-04-01,0.034,1224143.5540999994,6734507.991899997,1232300.0700999983,6742685.448200002,False
5kmN3170E4395,2026-04-01,0.034,1232182.2879000008,6734385.967600003,1240346.5432000011,6742571.1532000005,False
5kmN3170E4400,2026-04-01,0.03,1240220.807,6734255.972000003,1248392.7862000018,6742448.869199999,False
5kmN3170E4405,2026-04-01,0.04,1248259.0969999991,6734118.0057,1256438.7848000005,6742318.5967999995,False
5kmN3170E4410,2026-04-01,0.012,1256297.1433999985,6733972.069499999,1264484.5243000016,6742180.3367,False
5kmN3170E4415,2026-04-01,0.012,1264334.9318000004,6733818.164300002,1272529.9902999997,6742034.0898,False
5kmN3170E4420,2026-04-01,0.035,1272372.4475999996,6733656.291000001,1280575.1682000011,6741879.857000001,False
5kmN3170E4425,2026-04-01,0.02,1280409.6763999984,6733486.450499997,1288620.0434999987,6741717.6391,False
5kmN3170E4430,2026-04-01,0.016,1288446.6037999988,6733308.6439,1296664.6017000005,6741547.437100001,False
5kmN3170E4435,2026-04-01,0.018000000000000002,1296483.2151999995,6733122.872100003,1304708.8282999992,6741369.251999997,False
5kmN3175E4320,2026-04-01,0.054000000000000006,1111583.6765,6743444.031900004,1119639.8326000012,6751519.397100002,False
5kmN3175E4325,2026-04-01,0.063,1119633.4488000013,6743433.639399998,1127695.9770000018,6751516.993699998,False
5kmN3175E4330,2026-04-01,0.045,1127681.613499999,6743415.252700001,1135752.0951000005,6751506.579000004,False
5kmN3175E4335,2026-04-01,0.042,1135729.7520999983,6743388.8719,1143808.1722000018,6751488.153099999,False
5kmN3175E4340,2026-04-01,0.059000000000000004,1143777.8498000018,6743354.497299999,1151864.1939000003,6751461.7161,False
5kmN3175E4345,2026-04-01,0.042,1151825.8922000006,6743312.128899999,1159920.145300001,6751427.268100001,False
5kmN3175E4350,2026-04-01,0.047,1159873.8647000007,6743261.767099999,1167976.0119999982,6751384.8094,False
5kmN3175E4355,2026-04-01,0.03,1167921.752799999,6743203.412100002,1176031.7793000005,6751334.3401999995,False
5kmN3175E4360,2026-04-01,0.063,1175969.5419000015,6743137.064300001,1184087.4327000007,6751275.860699996,False
5kmN3175E4365,2026-04-01,0.045,1184017.2173000015,6743062.723999999,1192142.9574000016,6751209.371399999,False
5kmN3175E4370,2026-04-01,0.027000000000000003,1192064.7646999992,6742980.391800001,1200198.3388999999,6751134.872599997,False
5kmN3175E4375,2026-04-01,0.027000000000000003,1200112.169300001,6742890.068000004,1208253.5625,6751052.364699997,False
5kmN3175E4380,2026-04-01,0.02,1208159.4167999998,6742791.753300004,1216308.6138000004,6750961.8483000025,False
5kmN3175E4385,2026-04-01,0.023,1216206.4924000017,6742685.448200002,1224363.4780000001,6750863.323899999,False
5kmN3175E4390,2026-04-01,0.027000000000000003,1224253.3817000017,6742571.1532000005,1232418.1405999996,6750756.792099997,False
5kmN3175E4395,2026-04-01,0.027000000000000003,1232300.0700999983,6742448.869199999,1240472.5870000012,6750642.253399998,False
5kmN3175E4400,2026-04-01,0.01,1240346.5432000011,6742318.5967999995,1248526.8024999984,6750519.7086,False
5kmN3175E4405,2026-04-01,0.03,1248392.7862000018,6742180.3367,1256580.7727000006,6750389.158399999,False
5kmN3175E4410,2026-04-01,0.027000000000000003,1256438.7848000005,6742034.0898,1264634.4827999994,6750250.603500001,False
5kmN3175E4415,2026-04-01,0.018000000000000002,1264484.5243000016,6741879.857000001,1272687.9184000008,6750104.044799998,False
5kmN3175E4420,2026-04-01,0.018000000000000002,1272529.9902999997,6741717.6391,1280741.0648000017,6749949.483199999,False
5kmN3175E4425,2026-04-01,0.017,1280575.1682000011,6741547.437100001,1288793.9074999988,6749786.919399999,False
5kmN3175E4430,2026-04-01,0.023,1288620.0434999987,6741369.251999997,1296846.4318999983,6749616.354599997,False
5kmN3175E4435,2026-04-01,0.027000000000000003,1296664.6017000005,6741183.0847999975,1304898.6235000007,6749437.7896,False
5kmN3180E4320,2026-04-01,0.038,1111582.0766000003,6751516.993699998,1119646.2320000008,6759600.331600003,False
5kmN3180E4325,2026-04-01,0.027000000000000003,1119639.8326000012,6751506.579000004,1127710.375599999,6759597.923100002,False
5kmN3180E4330,2026-04-01,0.04,1127695.9770000018,6751488.153099999,1135774.492800001,6759587.486199997,False
5kmN3180E4335,2026-04-01,0.05,1135752.0951000005,6751461.7161,1143838.5689999983,6759569.020900004,False
5kmN3180E4340,2026-04-01,0.053,1143808.1722000018,6751427.268100001,1151902.5892999992,6759542.527400002,False
5kmN3180E4345,2026-04-01,0.034,1151864.1939000003,6751384.8094,1159966.5392999984,6759508.005800001,False
5kmN3180E4355,2026-04-01,0.0,1167976.0119999982,6751275.860699996,1176094.169300001,6759414.879299998,True
5kmN3180E4360,2026-04-01,0.047,1176031.7793000005,6751209.371399999,1184157.8200000003,6759356.2749999985,False
5kmN3180E4365,2026-04-01,0.033,1184087.4327000007,6751134.872599997,1192221.3416000009,6759289.643600002,False
5kmN3180E4370,2026-04-01,0.061,1192142.9574000016,6751052.364699997,1200284.7195000015,6759214.985699996,False
5kmN3180E4375,2026-04-01,0.023,1200198.3388999999,6750961.8483000025,1208347.9389000013,6759132.301600002,False
5kmN3180E4380,2026-04-01,0.027999999999999997,1208253.5625,6750863.323899999,1216410.9853000008,6759041.5918999985,False
5kmN3180E4385,2026-04-01,0.01,1216308.6138000004,6750756.792099997,1224473.8438999988,6758942.8571000025,False
5kmN3180E4390,2026-04-01,0.031,1224363.4780000001,6750642.253399998,1232536.5001999997,6758836.0977,False
5kmN3180E4395,2026-04-01,0.036000000000000004,1232418.1405999996,6750519.7086,1240598.9395000003,6758721.314400002,False
5kmN3180E4400,2026-04-01,0.048,1240472.5870000012,6750389.158399999,1248661.1469999999,6758598.5079,False
5kmN3180E4405,2026-04-01,0.039,1248526.8024999984,6750250.603500001,1256723.1083000004,6758467.678900003,False
5kmN3180E4410,2026-04-01,0.031,1256580.7727000006,6750104.044799998,1264784.8084999993,6758328.828199998,False
5kmN3180E4415,2026-04-01,0.040999999999999995,1264634.4827999994,6749949.483199999,1272846.2331999987,6758181.956500001,False
5kmN3180E4420,2026-04-01,0.031,1272687.9184000008,6749786.919399999,1280907.3676999994,6758027.064800002,False
5kmN3180E4425,2026-04-01,0.034,1280741.0648000017,6749616.354599997,1288968.1972000003,6757864.153999999,False
5kmN3180E4430,2026-04-01,0.028999999999999998,1288793.9074999988,6749437.7896,1297028.7073,6757693.2250000015,False
5kmN3180E4435,2026-04-01,0.016,1296846.4318999983,6749251.225599997,1305088.883299999,6757514.278800003,False
5kmN3185E4320,2026-04-01,0.047,1111580.4728000015,6759597.923100002,1119652.6471000016,6767689.2557,False
5kmN3185E4325,2026-04-01,0.048,1119646.2320000008,6759587.486199997,1127724.8095000014,6767686.842,False
5kmN3185E4330,2026-04-01,0.040999999999999995,1127710.375599999,6759569.020900004,1135796.9455000013,6767676.382799998,False
5kmN3185E4335,2026-04-01,0.04,1135774.492800001,6759542.527400002,1143869.0401999988,6767657.877999999,False
5kmN3185E4340,2026-04-01,0.047,1143838.5689999983,6759508.005800001,1151941.079,6767631.327799998,False
5kmN3185E4345,2026-04-01,0.067,1151902.5892999992,6759465.4564,1160013.0471,6767596.7324,False
5kmN3185E4350,2026-04-01,0.028999999999999998,1159966.5392999984,6759414.879299998,1168084.9296999983,6767554.092,False
5kmN3185E4365,2026-04-01,0.0,1184157.8200000003,6759214.985699996,1192299.9180999994,6767377.903099999,True
5kmN3185E4370,2026-04-01,0.08,1192221.3416000009,6759132.301600002,1200371.311900001,6767303.0854,False
5kmN3185E4375,2026-04-01,0.043,1200284.7195000015,6759041.5918999985,1208442.5467000008,6767220.2245000005,False
5kmN3185E4380,2026-04-01,0.031,1208347.9389000013,6758942.8571000025,1216513.6077999994,6767129.320699997,False
5kmN3185E4385,2026-04-01,0.034,1216410.9853000008,6758836.0977,1224584.4805000015,6767030.374700002,False
5kmN3185E4390,2026-04-01,0.026000000000000002,1224473.8438999988,6758721.314400002,1232655.1501000002,6766923.387000002,False
5kmN3185E4395,2026-04-01,0.033,1232536.5001999997,6758598.5079,1240725.6017999984,6766808.358199999,False
5kmN3185E4400,2026-04-01,0.031,1240598.9395000003,6758467.678900003,1248795.8209000006,6766685.288999997,False
5kmN3185E4405,2026-04-01,0.047,1248661.1469999999,6758328.828199998,1256865.7928000018,6766554.180200003,False
5kmN3185E4410,2026-04-01,0.034,1256723.1083000004,6758181.956500001,1264935.502799999,6766415.032499999,False
5kmN3185E4415,2026-04-01,0.022000000000000002,1264784.8084999993,6758027.064800002,1273004.9362000003,6766267.8467999995,False
5kmN3185E4420,2026-04-01,0.11199999999999999,1272846.2331999987,6757864.153999999,1281074.0782000013,6766112.623899996,False
5kmN3185E4425,2026-04-01,0.042,1280907.3676999994,6757693.2250000015,1289142.9142000005,6765949.364699997,False
5kmN3185E4430,2026-04-01,0.024,1288968.1972000003,6757514.278800003,1297211.4294999987,6765778.070200004,False
5kmN3185E4435,2026-04-01,0.035,1297028.7073,6757327.316500001,1305279.6094999984,6765598.741400003,False
5kmN3190E4320,2026-04-01,0.063,1111578.8651,6767686.842,1119659.0779,6775786.191500001,False
5kmN3190E4325,2026-04-01,0.037000000000000005,1119652.6471000016,6767676.382799998,1127739.2789000012,6775783.772699997,False
5kmN3190E4330,2026-04-01,0.06,1127724.8095000014,6767657.877999999,1135819.4532999992,6775773.291000001,False
5kmN3190E4335,2026-04-01,0.091,1135796.9455000013,6767631.327799998,1143899.5863000005,6775754.746600002,False
5kmN3190E4340,2026-04-01,0.068,1143869.0401999988,6767596.7324,1151979.6631000005,6775728.139600001,False
5kmN3190E4345,2026-04-01,0.0,1151941.079,6767554.092,1160059.6689999998,6775693.469999999,True
5kmN3190E4350,2026-04-01,0.0,1160013.0471,6767503.4067,1168139.5890999995,6775650.738200001,True
5kmN3190E4355,2026-04-01,0.0,1168084.9296999983,6767444.677000001,1176219.4087999985,6775599.944300003,True
5kmN3190E4365,2026-04-01,0.031,1184228.379900001,6767303.0854,1192378.6873999983,6775474.171800002,False
5kmN3190E4370,2026-04-01,0.051,1192299.9180999994,6767220.2245000005,1200458.1169000007,6775399.193899997,False
5kmN3190E4375,2026-04-01,0.046,1200371.311900001,6767129.320699997,1208537.3867999986,6775316.1554000005,False
5kmN3190E4380,2026-04-01,0.039,1208442.5467000008,6767030.374700002,1216616.4822999984,6775225.056999996,False
5kmN3190E4385,2026-04-01,0.019,1216513.6077999994,6766923.387000002,1224695.388700001,6775125.8989999965,False
5kmN3190E4390,2026-04-01,0.023,1224584.4805000015,6766808.358199999,1232774.0910999998,6775018.682099998,False
5kmN3190E4395,2026-04-01,0.04,1232655.1501000002,6766685.288999997,1240852.5749999993,6774903.406900004,False
5kmN3190E4400,2026-04-01,0.021,1240725.6017999984,6766554.180200003,1248930.8253999986,6774780.074100003,False
5kmN3190E4405,2026-04-01,0.02,1248795.8209000006,6766415.032499999,1257008.8275999986,6774648.684500001,False
5kmN3190E4410,2026-04-01,0.031,1256865.7928000018,6766267.8467999995,1265086.5669,6774509.238799997,False
5kmN3190E4415,2026-04-01,0.016,1264935.502799999,6766112.623899996,1273164.0285999998,6774361.737800002,False
5kmN3190E4420,2026-04-01,0.018000000000000002,1273004.9362000003,6765949.364699997,1281241.1977999993,6774206.182499997,False
5kmN3190E4425,2026-04-01,0.031,1281074.0782000013,6765778.070200004,1289318.0599000007,6774042.573700003,False
5kmN3190E4430,2026-04-01,0.027999999999999997,1289142.9142000005,6765598.741400003,1297394.6000999995,6773870.9124,False
5kmN3190E4435,2026-04-01,0.022000000000000002,1297211.4294999987,6765411.379500002,1305470.8037,6773691.199600004,False
5kmN3195E4320,2026-04-01,0.049,1111577.2534999996,6775783.772699997,1119665.5245999992,6783891.1613000035,False
5kmN3195E4325,2026-04-01,0.059000000000000004,1119659.0779,6775773.291000001,1127753.7839000002,6783888.737300001,False
5kmN3195E4330,2026-04-01,0.053,1127739.2789000012,6775754.746600002,1135842.0163999982,6783878.233099997,False
5kmN3195E4335,2026-04-01,0.0,1135819.4532999992,6775728.139600001,1143930.2074000016,6783859.648900002,True
5kmN3195E4340,2026-04-01,0.046,1143899.5863000005,6775693.469999999,1152018.3420999981,6783832.9848000035,False
5kmN3195E4345,2026-04-01,0.069,1151979.6631000005,6775650.738200001,1160106.4054999985,6783798.240800001,False
5kmN3195E4350,2026-04-01,0.054000000000000006,1160059.6689999998,6775599.944300003,1168194.3828999996,6783755.417300001,False
5kmN3195E4355,2026-04-01,0.045,1168139.5890999995,6775541.088799998,1176282.259399999,6783704.5145,False
5kmN3195E4360,2026-04-01,0.037000000000000005,1176219.4087999985,6775474.171800002,1184370.0201000012,6783645.5326000005,False
5kmN3195E4365,2026-04-01,0.043,1184299.1130999997,6775399.193899997,1192457.6504000016,6783578.472099997,False
5kmN3195E4370,2026-04-01,0.022000000000000002,1192378.6873999983,6775316.1554000005,1200545.1352000013,6783503.333300002,False
5kmN3195E4375,2026-04-01,0.032,1200458.1169000007,6775225.056999996,1208632.4598999992,6783420.116700001,False
5kmN3195E4380,2026-04-01,0.031,1208537.3867999986,6775125.8989999965,1216719.6096,6783328.822800003,False
5kmN3195E4385,2026-04-01,0.021,1216616.4822999984,6775018.682099998,1224806.5694000013,6783229.452,False
5kmN3195E4390,2026-04-01,0.035,1224695.388700001,6774903.406900004,1232893.3244999982,6783122.005099997,False
5kmN3195E4395,2026-04-01,0.057,1232774.0910999998,6774780.074100003,1240979.860199999,6783006.4826000035,False
5kmN3195E4400,2026-04-01,0.023,1240852.5749999993,6774648.684500001,1249066.1614999995,6782882.885300003,False
5kmN3195E4405,2026-04-01,0.019,1248930.8253999986,6774509.238799997,1257152.2137999982,6782751.213799998,False
5kmN3195E4410,2026-04-01,0.0,1257008.8275999986,6774361.737800002,1265238.0022,6782611.468999997,True
5kmN3195E4415,2026-04-01,0.04,1265086.5669,6774206.182499997,1273323.5119000003,6782463.6516999975,False
5kmN3195E4420,2026-04-01,0.013000000000000001,1273164.0285999998,6774042.573700003,1281408.7280000001,6782307.762699999,False
5kmN3195E4425,2026-04-01,0.027000000000000003,1281241.1977999993,6773870.9124,1289493.6358999982,6782143.803000003,False
5kmN3195E4430,2026-04-01,0.031,1289318.0599000007,6773691.199600004,1297578.2206000015,6781971.773599997,False
5kmN3195E4435,2026-04-01,0.043,1297394.6000999995,6773503.436499998,1305662.4675000012,6781791.675399996,False
5kmN3200E4320,2026-04-01,0.037000000000000005,1111575.6378000006,6783888.737300001,1119671.9871000014,6792004.187299997,False
5kmN3200E4325,2026-04-01,0.046,1119665.5245999992,6783878.233099997,1127768.3244999982,6792001.758100003,False
5kmN3200E4330,2026-04-01,0.039,1127753.7839000002,6783859.648900002,1135864.6350999996,6791991.231399998,False
5kmN3200E4335,2026-04-01,0.06,1135842.0163999982,6783832.9848000035,1143960.9039000012,6791972.607199997,False
5kmN3200E4340,2026-04-01,0.044000000000000004,1143930.2074000016,6783798.240800001,1152057.1162,6791945.885799997,False
5kmN3200E4345,2026-04-01,0.083,1152018.3420999981,6783755.417300001,1160153.2569999993,6791911.067199998,False
5kmN3200E4350,2026-04-01,0.047,1160106.4054999985,6783704.5145,1168249.3114,6791868.151600003,False
5kmN3200E4355,2026-04-01,0.07400000000000001,1168194.3828999996,6783645.5326000005,1176345.2646000013,6791817.139399998,False
5kmN3200E4360,2026-04-01,0.04,1176282.259399999,6783578.472099997,1184441.1015999988,6791758.0308,False
5kmN3200E4365,2026-04-01,0.039,1184370.0201000012,6783503.333300002,1192536.807599999,6791690.826200001,False
5kmN3200E4370,2026-04-01,0.03,1192457.6504000016,6783420.116700001,1200632.3676999994,6791615.525899999,False
5kmN3200E4375,2026-04-01,0.016,1200545.1352000013,6783328.822800003,1208727.7668999992,6791532.130500004,False
5kmN3200E4380,2026-04-01,0.024,1208632.4598999992,6783229.452,1216822.9904999994,6791440.6404,False
5kmN3200E4385,2026-04-01,0.027000000000000003,1216719.6096,6783122.005099997,1224918.023600001,6791341.056199998,False
5kmN3200E4390,2026-04-01,0.045,1224806.5694000013,6783006.4826000035,1233012.8511999995,6791233.378399998,False
5kmN3200E4395,2026-04-01,0.024,1232893.3244999982,6782882.885300003,1241107.4585000016,6791117.607699998,False
5kmN3200E4400,2026-04-01,0.025,1240979.860199999,6782751.213799998,1249201.830600001,6790993.744800001,False
5kmN3200E4405,2026-04-01,0.023,1249066.1614999995,6782611.468999997,1257295.9527000003,6790861.7905,False
5kmN3200E4410,2026-04-01,0.028999999999999998,1257152.2137999982,6782463.6516999975,1265389.8099000007,6790721.745499998,False
5kmN3200E4415,2026-04-01,0.035,1265238.0022,6782307.762699999,1273483.3874000013,6790573.610600002,False
5kmN3200E4420,2026-04-01,0.024,1273323.5119000003,6782143.803000003,1281576.6702000014,6790417.386799999,False
5kmN3200E4425,2026-04-01,0.025,1281408.7280000001,6781971.773599997,1289669.6435999982,6790253.075000003,False
5kmN3200E4430,2026-04-01,0.02,1289493.6358999982,6781791.675399996,1297762.2927,6790080.675999999,False
5kmN3200E4435,2026-04-01,0.036000000000000004,1297578.2206000015,6781603.5097,1305854.6026999988,6789900.191100001,False
5kmN3205E4320,2026-04-01,0.055,1111574.018199999,6792001.758100003,1119678.4655999988,6800125.2919000015,False
5kmN3205E4325,2026-04-01,0.054000000000000006,1119671.9871000014,6791991.231399998,1127782.9010000005,6800122.857500002,False
5kmN3205E4330,2026-04-01,0.032,1127768.3244999982,6791972.607199997,1135887.3093999997,6800112.3081,False
5kmN3205E4335,2026-04-01,0.042,1135864.6350999996,6791945.885799997,1143991.6761000007,6800093.643799998,False
5kmN3205E4340,2026-04-01,0.048,1143960.9039000012,6791911.067199998,1152095.9858999997,6800066.8649,False
5kmN3205E4345,2026-04-01,0.057,1152057.1162,6791868.151600003,1160200.2239000015,6800031.971299998,False
5kmN3205E4350,2026-04-01,0.059000000000000004,1160153.2569999993,6791817.139399998,1168304.3753000014,6799988.963399999,False
5kmN3205E4355,2026-04-01,0.042,1168249.3114,6791758.0308,1176408.4250000007,6799937.8413999975,False
5kmN3205E4360,2026-04-01,0.052000000000000005,1176345.2646000013,6791690.826200001,1184512.3581999987,6799878.605599999,False
5kmN3205E4365,2026-04-01,0.034,1184441.1015999988,6791615.525899999,1192616.1598000005,6799811.256399997,False
5kmN3205E4370,2026-04-01,0.027000000000000003,1192536.807599999,6791532.130500004,1200719.8150000013,6799735.794100001,False
5kmN3205E4375,2026-04-01,0.034,1200632.3676999994,6791440.6404,1208823.308699999,6799652.2192,False
5kmN3205E4380,2026-04-01,0.032,1208727.7668999992,6791341.056199998,1216926.6261,6799560.532200001,False
5kmN3205E4385,2026-04-01,0.021,1216822.9904999994,6791233.378399998,1225029.7523000017,6799460.7337,False
5kmN3205E4390,2026-04-01,0.027999999999999997,1224918.023600001,6791117.607699998,1233132.6722000018,6799352.824199997,False
5kmN3205E4395,2026-04-01,0.035,1233012.8511999995,6790993.744800001,1241235.3709999993,6799236.804499999,False
5kmN3205E4400,2026-04-01,0.019,1241107.4585000016,6790861.7905,1249337.8337999992,6799112.675099999,False
5kmN3205E4405,2026-04-01,0.026000000000000002,1249201.830600001,6790721.745499998,1257440.0456000008,6798980.436899997,False
5kmN3205E4410,2026-04-01,0.031,1257295.9527000003,6790573.610600002,1265541.9915000014,6798840.090499997,False
5kmN3205E4415,2026-04-01,0.025,1265389.8099000007,6790417.386799999,1273643.6565999985,6798691.637000002,False
5kmN3205E4420,2026-04-01,0.018000000000000002,1273483.3874000013,6790253.075000003,1281745.0260000005,6798535.077100001,False
5kmN3205E4425,2026-04-01,0.022000000000000002,1281576.6702000014,6790080.675999999,1289846.0846999995,6798370.411799997,False
5kmN3205E4430,2026-04-01,0.033,1289669.6435999982,6789900.191100001,1297946.818,6798197.642099999,False
5kmN3205E4435,2026-04-01,0.027999999999999997,1297762.2927,6789711.621299997,1306047.2107999995,6798016.769000001,False
5kmN3210E4320,2026-04-01,0.055999999999999994,1111572.3946000002,6800122.857500002,1119684.960000001,6808254.497599997,False
5kmN3210E4325,2026-04-01,0.035,1119678.4655999988,6800112.3081,1127797.5133999996,6808252.057800002,False
5kmN3210E4330,2026-04-01,0.039,1127782.9010000005,6800093.643799998,1135910.0397000015,6808241.485699996,False
5kmN3210E4335,2026-04-01,0.027999999999999997,1135887.3093999997,6800066.8649,1144022.5240000002,6808222.781300001,False
5kmN3210E4340,2026-04-01,0.064,1143991.6761000007,6800031.971299998,1152134.9514000006,6808195.944600001,False
5kmN3210E4345,2026-04-01,0.035,1152095.9858999997,6799988.963399999,1160247.3066999987,6808160.9758,False
5kmN3210E4350,2026-04-01,0.042,1160200.2239000015,6799937.8413999975,1168359.5749999993,6808117.875200003,False
5kmN3210E4355,2026-04-01,0.040999999999999995,1168304.3753000014,6799878.605599999,1176471.7412,6808066.642999999,False
5kmN3210E4360,2026-04-01,0.064,1176408.4250000007,6799811.256399997,1184583.7905000001,6808007.279600002,False
5kmN3210E4365,2026-04-01,0.011000000000000001,1184512.3581999987,6799735.794100001,1192695.7076999992,6807939.7852,False
5kmN3210E4370,2026-04-01,0.019,1192616.1598000005,6799652.2192,1200807.4778999984,6807864.1602,False
5kmN3210E4375,2026-04-01,0.035,1200719.8150000013,6799560.532200001,1208919.086100001,6807780.405199997,False
5kmN3210E4380,2026-04-01,0.013000000000000001,1208823.308699999,6799460.7337,1217030.5172999986,6807688.5207,False
5kmN3210E4385,2026-04-01,0.019,1216926.6261,6799352.824199997,1225141.7564999983,6807588.507100001,False
5kmN3210E4390,2026-04-01,0.022000000000000002,1225029.7523000017,6799236.804499999,1233252.7886999995,6807480.365099996,False
5kmN3210E4395,2026-04-01,0.016,1233132.6722000018,6799112.675099999,1241363.5989000015,6807364.095299996,False
5kmN3210E4400,2026-04-01,0.04,1241235.3709999993,6798980.436899997,1249474.1722999997,6807239.698399998,False
5kmN3210E4405,2026-04-01,0.04,1249337.8337999992,6798840.090499997,1257584.4937000014,6807107.175300002,False
5kmN3210E4410,2026-04-01,0.031,1257440.0456000008,6798691.637000002,1265694.5482,6806966.526600003,False
5kmN3210E4415,2026-04-01,0.04,1265541.9915000014,6798535.077100001,1273804.3209000006,6806817.753200002,False
5kmN3210E4420,2026-04-01,0.021,1273643.6565999985,6798370.411799997,1281913.7967000008,6806660.855999999,False
5kmN3210E4425,2026-04-01,0.033,1281745.0260000005,6798197.642099999,1290022.9607000016,6806495.835900001,False
5kmN3210E4430,2026-04-01,0.034,1289846.0846999995,6798016.769000001,1298131.7980000004,6806322.693999998,False
5kmN3210E4435,2026-04-01,0.026000000000000002,1297946.818,6797827.793499999,1306240.2936999984,6806141.431299999,False
5kmN3215E4320,2026-04-01,0.048,1111570.767000001,6808252.057800002,1119691.4704000019,6816391.826700002,False
5kmN3215E4325,2026-04-01,0.05,1119684.960000001,6808241.485699996,1127812.1618000008,6816389.381800003,False
5kmN3215E4330,2026-04-01,0.055,1127797.5133999996,6808222.781300001,1135932.8260999992,6816378.786799997,False
5kmN3215E4335,2026-04-01,0.05,1135910.0397000015,6808195.944600001,1144053.4481999986,6816360.042000003,False
5kmN3215E4340,2026-04-01,0.045,1144022.5240000002,6808160.9758,1152174.0130999982,6816333.147399999,False
5kmN3215E4345,2026-04-01,0.044000000000000004,1152134.9514000006,6808117.875200003,1160294.5056000017,6816298.103100002,False
5kmN3215E4350,2026-04-01,0.048,1160247.3066999987,6808066.642999999,1168414.9109000005,6816254.909500003,False
5kmN3215E4355,2026-04-01,0.047,1168359.5749999993,6808007.279600002,1176535.2137000002,6816203.566699997,False
5kmN3215E4360,2026-04-01,0.048,1176471.7412,6807939.7852,1184655.3990999982,6816144.075099997,False
5kmN3215E4365,2026-04-01,0.031,1184583.7905000001,6807864.1602,1192775.4519000016,6816076.435000002,False
5kmN3215E4370,2026-04-01,0.034,1192695.7076999992,6807780.405199997,1200895.3572000004,6816000.646899998,False
5kmN3215E4375,2026-04-01,0.11,1200807.4778999984,6807688.5207,1209015.0998000018,6815916.711099997,False
5kmN3215E4380,2026-04-01,0.038,1208919.086100001,6807588.507100001,1217134.6647999994,6815824.628200002,False
5kmN3215E4390,2026-04-01,0.016,1225141.7564999983,6807364.095299996,1233373.2016000003,6815616.023400001,False
5kmN3215E4395,2026-04-01,0.028999999999999998,1233252.7886999995,6807239.698399998,1241492.1433000006,6815499.502700001,False
5kmN3215E4400,2026-04-01,0.031,1241363.5989000015,6807107.175300002,1249610.8471999988,6815374.837399997,False
5kmN3215E4405,2026-04-01,0.033,1249474.1722999997,6806966.526600003,1257729.2983000018,6815242.0282000005,False
5kmN3215E4410,2026-04-01,0.023,1257584.4937000014,6806817.753200002,1265847.4814000018,6815101.075999998,False
5kmN3215E4415,2026-04-01,0.043,1265694.5482,6806660.855999999,1273965.3816,6814951.981600001,False
5kmN3215E4420,2026-04-01,0.031,1273804.3209000006,6806495.835900001,1282082.9838999994,6814794.745899998,False
5kmN3215E4425,2026-04-01,0.053,1281913.7967000008,6806322.693999998,1290200.2732000016,6814629.369800001,False
5kmN3215E4430,2026-04-01,0.071,1290022.9607000016,6806141.431299999,1298317.2344999984,6814455.8544000015,False
5kmN3215E4435,2026-04-01,0.038,1298131.7980000004,6805952.048799999,1306433.8528999984,6814274.200599998,False
5kmN3220E4320,2026-04-01,0.066,1111569.135400001,6816389.381800003,1119697.9970000014,6824537.302100003,False
5kmN3220E4325,2026-04-01,0.053,1119691.4704000019,6816378.786799997,1127826.8465000018,6824534.851800002,False
5kmN3220E4330,2026-04-01,0.078,1127812.1618000008,6816360.042000003,1135955.6688,6824524.233999997,False
5kmN3220E4335,2026-04-01,0.055,1135932.8260999992,6816333.147399999,1144084.4488000013,6824505.448600002,False
5kmN3220E4340,2026-04-01,0.053,1144053.4481999986,6816298.103100002,1152213.1713000014,6824478.495800003,False
5kmN3220E4345,2026-04-01,0.035,1152174.0130999982,6816254.909500003,1160341.8213,6824443.3759,False
5kmN3220E4350,2026-04-01,0.061,1160294.5056000017,6816203.566699997,1168470.3836000003,6824400.088799998,False
5kmN3220E4355,2026-04-01,0.062,1168414.9109000005,6816144.075099997,1176598.8429999985,6824348.6351,False
5kmN3220E4360,2026-04-01,0.059000000000000004,1176535.2137000002,6816076.435000002,1184727.1845999993,6824289.014899999,False
5kmN3220E4365,2026-04-01,0.054000000000000006,1184655.3990999982,6816000.646899998,1192855.393199999,6824221.228500001,False
5kmN3220E4370,2026-04-01,0.027000000000000003,1192775.4519000016,6815916.711099997,1200983.4536000006,6824145.276600003,False
5kmN3220E4375,2026-04-01,0.037000000000000005,1200895.3572000004,6815824.628200002,1209111.3509000018,6824061.1592999995,False
5kmN3220E4380,2026-04-01,0.037000000000000005,1209015.0998000018,6815724.398699999,1217239.069699999,6823968.877400003,False
5kmN3220E4385,2026-04-01,0.03,1217134.6647999994,6815616.023400001,1225366.5951999985,6823868.431299999,False
5kmN3220E4390,2026-04-01,0.021,1225254.0370999984,6815499.502700001,1233493.9120999984,6823759.821699999,False
5kmN3220E4395,2026-04-01,0.012,1233373.2016000003,6815374.837399997,1241621.0053000003,6823643.049099997,False
5kmN3220E4400,2026-04-01,0.027999999999999997,1241492.1433000006,6815242.0282000005,1249747.8599000014,6823518.114399999,False
5kmN3220E4405,2026-04-01,0.016,1249610.8471999988,6815101.075999998,1257874.4605999999,6823385.018200003,False
5kmN3220E4410,2026-04-01,0.033,1257729.2983000018,6814951.981600001,1266000.7923999988,6823243.761399999,False
5kmN3220E4415,2026-04-01,0.023,1265847.4814000018,6814794.745899998,1274126.8401999995,6823094.344800003,False
5kmN3220E4420,2026-04-01,0.045,1273965.3816,6814629.369800001,1282252.5890000015,6822936.769400001,False
5kmN3220E4425,2026-04-01,0.057,1282082.9838999994,6814455.8544000015,1290378.023600001,6822771.035999998,False
5kmN3220E4430,2026-04-01,0.046,1290200.2732000016,6814274.200599998,1298503.1290000007,6822597.1455999985,False
5kmN3225E4320,2026-04-01,0.081,1111567.4996999986,6824534.851800002,1119704.5397000015,6832690.9463,False
5kmN3225E4325,2026-04-01,0.06,1119697.9970000014,6824524.233999997,1127841.567499999,6832688.490699999,False
5kmN3225E4330,2026-04-01,0.05,1127826.8465000018,6824505.448600002,1135978.568,6832677.849799998,False
5kmN3225E4335,2026-04-01,0.055999999999999994,1135955.6688,6824478.495800003,1144115.5260999985,6832659.023800001,False
5kmN3225E4340,2026-04-01,0.025,1144084.4488000013,6824443.3759,1152252.4263999984,6832632.012699999,False
5kmN3225E4345,2026-04-01,0.159,1152213.1713000014,6824400.088799998,1160389.2540000007,6832596.816699997,False
5kmN3225E4350,2026-04-01,0.053,1160341.8213,6824348.6351,1168525.9935000017,6832553.435900003,False
5kmN3225E4355,2026-04-01,0.061,1168470.3836000003,6824289.014899999,1176662.6297999993,6832501.870800003,False
5kmN3225E4360,2026-04-01,0.069,1176598.8429999985,6824221.228500001,1184799.1477999985,6832442.1215,False
5kmN3225E4365,2026-04-01,0.047,1184727.1845999993,6824145.276600003,1192935.5322999991,6832374.1884,False
5kmN3225E4370,2026-04-01,0.047,1192855.393199999,6824061.1592999995,1201071.768100001,6832298.071999997,False
5kmN3225E4375,2026-04-01,0.049,1200983.4536000006,6823968.877400003,1209207.8399999999,6832213.772699997,False
5kmN3225E4380,2026-04-01,0.049,1209111.3509000018,6823868.431299999,1217343.732900001,6832121.291000001,False
5kmN3225E4385,2026-04-01,0.038,1217239.069699999,6823759.821699999,1225479.4316999987,6832020.627400003,False
5kmN3225E4390,2026-04-01,0.01,1225366.5951999985,6823643.049099997,1233614.9211000018,6831911.782700002,False
5kmN3225E4395,2026-04-01,0.022000000000000002,1233493.9120999984,6823518.114399999,1241750.1860999987,6831794.757399999,False
5kmN3225E4400,2026-04-01,0.027999999999999997,1241621.0053000003,6823385.018200003,1249885.2113999985,6831669.552299999,False
5kmN3225E4405,2026-04-01,0.047,1249747.8599000014,6823243.761399999,1258019.981899999,6831536.167999998,False
5kmN3225E4410,2026-04-01,0.032,1257874.4605999999,6823094.344800003,1266154.4825999998,6831394.605499998,False
5kmN3225E4415,2026-04-01,0.036000000000000004,1266000.7923999988,6822936.769400001,1274288.6981999986,6831244.865500003,False
5kmN3225E4420,2026-04-01,0.057,1274126.8401999995,6822771.035999998,1282422.613499999,6831086.949000001,False
5kmN3225E4425,2026-04-01,0.043,1282252.5890000015,6822597.1455999985,1290556.2135999985,6830920.857000001,False
5kmN3225E4430,2026-04-01,0.046,1290378.023600001,6822415.099399999,1298689.4831999987,6830746.590400003,False
5kmN3230E4320,2026-04-01,0.049,1111565.8599999994,6832688.490699999,1119711.0986000001,6840852.781999998,False
5kmN3230E4325,2026-04-01,0.051,1119704.5397000015,6832677.849799998,1127856.3249999993,6840850.321099997,False
5kmN3230E4330,2026-04-01,0.055,1127841.567499999,6832659.023800001,1136001.5240000002,6840839.657200001,False
5kmN3230E4335,2026-04-01,0.062,1135978.568,6832632.012699999,1144146.680300001,6840820.790299997,False
5kmN3230E4340,2026-04-01,0.06,1144115.5260999985,6832596.816699997,1152291.7787999995,6840793.720700003,False
5kmN3230E4345,2026-04-01,0.055999999999999994,1152252.4263999984,6832553.435900003,1160436.8040999994,6840758.448299997,False
5kmN3230E4350,2026-04-01,0.046,1160389.2540000007,6832501.870800003,1168581.7410999984,6840714.973499998,False
5kmN3230E4355,2026-04-01,0.071,1168525.9935000017,6832442.1215,1176726.5746,6840663.296499997,False
5kmN3230E4360,2026-04-01,0.069,1176662.6297999993,6832374.1884,1184871.2892000005,6840603.4177,False
5kmN3230E4365,2026-04-01,0.077,1184799.1477999985,6832298.071999997,1193015.8698000014,6840535.337300003,False
5kmN3230E4370,2026-04-01,0.05,1192935.5322999991,6832213.772699997,1201160.3011999987,6840459.0559,False
5kmN3230E4375,2026-04-01,0.033,1201071.768100001,6832121.291000001,1209304.5681000017,6840374.573799998,False
5kmN3230E4380,2026-04-01,0.045,1209207.8399999999,6832020.627400003,1217448.6552999988,6840281.891599998,False
5kmN3230E4385,2026-04-01,0.044000000000000004,1217343.732900001,6831911.782700002,1225592.547600001,6840181.009800002,False
5kmN3230E4390,2026-04-01,0.057999999999999996,1225479.4316999987,6831794.757399999,1233736.2298000008,6840071.929099999,False
5kmN3230E4395,2026-04-01,0.028999999999999998,1233614.9211000018,6831669.552299999,1241879.6867000014,6839954.650200002,False
5kmN3230E4400,2026-04-01,0.015,1241750.1860999987,6831536.167999998,1250022.9030000009,6839829.173600003,False
5kmN3230E4405,2026-04-01,0.035,1249885.2113999985,6831394.605499998,1258165.8636000007,6839695.500200003,False
5kmN3230E4410,2026-04-01,0.03,1258019.981899999,6831244.865500003,1266308.5533000007,6839553.630800001,False
5kmN3230E4415,2026-04-01,0.032,1266154.4825999998,6831086.949000001,1274450.9567999989,6839403.566299997,False
5kmN3230E4420,2026-04-01,0.04,1274288.6981999986,6830920.857000001,1282593.0590000004,6839245.307599999,False
5kmN3230E4425,2026-04-01,0.064,1282422.613499999,6830746.590400003,1290734.8447000012,6839078.855599999,False
5kmN3230E4430,2026-04-01,0.04,1290556.2135999985,6830564.150200002,1298876.298700001,6838904.211300001,False
5kmN3235E4320,2026-04-01,0.057,1111564.2162000015,6840850.321099997,1119717.673700001,6849022.832199998,False
5kmN3235E4325,2026-04-01,0.063,1119711.0986000001,6840839.657200001,1127871.118999999,6849020.365999997,False
5kmN3235E4330,2026-04-01,0.046,1127856.3249999993,6840820.790299997,1136024.5368000008,6849009.678900003,False
5kmN3235E4335,2026-04-01,0.055999999999999994,1136001.5240000002,6840793.720700003,1144177.9118000008,6848990.7711,False
5kmN3235E4340,2026-04-01,0.086,1144146.680300001,6840758.448299997,1152331.2287000008,6848963.6426,False
5kmN3235E4345,2026-04-01,0.062,1152291.7787999995,6840714.973499998,1160484.4721999988,6848928.2936,False
5kmN3235E4350,2026-04-01,0.04,1160436.8040999994,6840663.296499997,1168637.6270000003,6848884.724399999,False
5kmN3235E4355,2026-04-01,0.07,1168581.7410999984,6840603.4177,1176790.6779000014,6848832.9353,False
5kmN3235E4360,2026-04-01,0.083,1176726.5746,6840535.337300003,1184943.6094999984,6848772.926399998,False
5kmN3235E4365,2026-04-01,0.075,1184871.2892000005,6840459.0559,1193096.4065999985,6848704.698200002,False
5kmN3235E4370,2026-04-01,0.055999999999999994,1193015.8698000014,6840374.573799998,1201249.0538000017,6848628.251100004,False
5kmN3235E4375,2026-04-01,0.051,1201160.3011999987,6840281.891599998,1209401.5359999985,6848543.585600004,False
5kmN3235E4380,2026-04-01,0.047,1209304.5681000017,6840181.009800002,1217553.8377999999,6848450.702100001,False
5kmN3235E4385,2026-04-01,0.047,1217448.6552999988,6840071.929099999,1225705.9439999983,6848349.601300001,False
5kmN3235E4390,2026-04-01,0.109,1225592.547600001,6839954.650200002,1233857.8392999992,6848240.283799998,False
5kmN3235E4395,2026-04-01,0.012,1233736.2298000008,6839829.173600003,1242009.5084000006,6848122.750200003,False
5kmN3235E4400,2026-04-01,0.024,1241879.6867000014,6839695.500200003,1250160.9360000007,6847997.001199998,False
5kmN3235E4405,2026-04-01,0.023,1250022.9030000009,6839553.630800001,1258312.1070000008,6847863.037699997,False
5kmN3235E4410,2026-04-01,0.025,1258165.8636000007,6839403.566299997,1266463.0058999993,6847720.860299997,False
5kmN3235E4415,2026-04-01,0.033,1266308.5533000007,6839245.307599999,1274613.6176999994,6847570.4701000005,False
5kmN3235E4420,2026-04-01,0.042,1274450.9567999989,6839078.855599999,1282763.927000001,6847411.867799997,False
5kmN3235E4425,2026-04-01,0.051,1282593.0590000004,6838904.211300001,1290913.9186000004,6847245.054499999,False
5kmN3235E4430,2026-04-01,0.038,1290734.8447000012,6838721.375799999,1299063.5771999992,6847070.031199999,False
5kmN3240E4320,2026-04-01,0.075,1111562.5683000013,6849020.365999997,1119724.2652000003,6857201.1197,False
5kmN3240E4325,2026-04-01,0.063,1119717.673700001,6849009.678900003,1127885.9497999996,6857198.648100004,False
5kmN3240E4330,2026-04-01,0.052000000000000005,1127871.118999999,6848990.7711,1136047.606800001,6857187.937799998,False
5kmN3240E4335,2026-04-01,0.053,1136024.5368000008,6848963.6426,1144209.2208999991,6857168.988899998,False
5kmN3240E4340,2026-04-01,0.065,1144177.9118000008,6848928.2936,1152370.7765999995,6857141.801399998,False
5kmN3240E4345,2026-04-01,0.076,1152331.2287000008,6848884.724399999,1160532.2586000003,6857106.375600003,False
5kmN3240E4350,2026-04-01,0.071,1160484.4721999988,6848832.9353,1168693.6515999995,6857062.711599998,False
5kmN3240E4355,2026-04-01,0.127,1168637.6270000003,6848772.926399998,1176854.940299999,6857010.809799999,False
5kmN3240E4360,2026-04-01,0.065,1176790.6779000014,6848704.698200002,1185016.1092999987,6856950.670400001,False
5kmN3240E4365,2026-04-01,0.064,1184943.6094999984,6848628.251100004,1193177.143199999,6856882.293899998,False
5kmN3240E4370,2026-04-01,0.059000000000000004,1193096.4065999985,6848543.585600004,1201338.0267999992,6856805.680500001,False
5kmN3240E4375,2026-04-01,0.069,1201249.0538000017,6848450.702100001,1209498.7446000017,6856720.830899999,False
5kmN3240E4380,2026-04-01,0.053,1209401.5359999985,6848349.601300001,1217659.2813999988,6856627.745499998,False
5kmN3240E4385,2026-04-01,0.049,1217553.8377999999,6848240.283799998,1225819.6218000017,6856526.424800001,False
5kmN3240E4390,2026-04-01,0.039,1225705.9439999983,6848122.750200003,1233979.750599999,6856416.869599998,False
5kmN3240E4395,2026-04-01,0.018000000000000002,1233857.8392999992,6847997.001199998,1242139.6521999985,6856299.0803999975,False
5kmN3240E4400,2026-04-01,0.032,1242009.5084000006,6847863.037699997,1250299.3115999997,6856173.0581,False
5kmN3240E4405,2026-04-01,0.012,1250160.9360000007,6847720.860299997,1258458.7131999992,6856038.803199999,False
5kmN3240E4410,2026-04-01,0.044000000000000004,1258312.1070000008,6847570.4701000005,1266617.8418999985,6855896.316799998,False
5kmN3240E4415,2026-04-01,0.039,1266463.0058999993,6847411.867799997,1274776.6821999997,6855745.599600002,False
5kmN3240E4420,2026-04-01,0.034,1274613.6176999994,6847245.054499999,1282935.2188999988,6855586.652500004,False
5kmN3240E4425,2026-04-01,0.039,1282763.927000001,6847070.031199999,1291093.4367999993,6855419.476599999,False
5kmN3240E4430,2026-04-01,0.051,1290913.9186000004,6846886.798900001,1299251.3203999996,6855244.072899997,False
5kmN3245E4320,2026-04-01,0.064,1111560.9162999988,6857198.648100004,1119730.8731000014,6865387.667599998,False
5kmN3245E4325,2026-04-01,0.045,1119724.2652000003,6857187.937799998,1127900.817499999,6865385.1906,False
5kmN3245E4330,2026-04-01,0.044000000000000004,1127885.9497999996,6857168.988899998,1136070.7342000008,6865374.457000002,False
5kmN3245E4335,2026-04-01,0.06,1136047.606800001,6857141.801399998,1144240.6077000014,6865355.466799997,False
5kmN3245E4340,2026-04-01,0.055,1144209.2208999991,6857106.375600003,1152410.422699999,6865328.2201000005,False
5kmN3245E4345,2026-04-01,0.076,1152370.7765999995,6857062.711599998,1160580.1638000011,6865292.717100002,False
5kmN3245E4350,2026-04-01,0.114,1160532.2586000003,6857010.809799999,1168749.8154999986,6865248.9580999985,False
5kmN3245E4355,2026-04-01,0.077,1168693.6515999995,6856950.670400001,1176919.3625000007,6865196.9432,False
5kmN3245E4360,2026-04-01,0.05,1176854.940299999,6856882.293899998,1185088.7892999984,6865136.672799997,False
5kmN3245E4365,2026-04-01,0.053,1185016.1092999987,6856805.680500001,1193258.0804999992,6865068.1472999975,False
5kmN3245E4370,2026-04-01,0.063,1193177.143199999,6856720.830899999,1201427.2208000012,6864991.3671,False
5kmN3245E4375,2026-04-01,0.045,1201338.0267999992,6856627.745499998,1209596.1948000006,6864906.332699999,False
5kmN3245E4380,2026-04-01,0.062,1209498.7446000017,6856526.424800001,1217764.9869999997,6864813.0446000025,False
5kmN3245E4385,2026-04-01,0.052000000000000005,1217659.2813999988,6856416.869599998,1225933.5821000002,6864711.503300004,False
5kmN3245E4390,2026-04-01,0.022000000000000002,1225819.6218000017,6856299.0803999975,1234101.9646999985,6864601.7095,False
5kmN3245E4395,2026-04-01,0.022000000000000002,1233979.750599999,6856173.0581,1242270.1193999983,6864483.663800001,False
5kmN3245E4400,2026-04-01,0.039,1242139.6521999985,6856038.803199999,1250438.0309000015,6864357.366999999,False
5kmN3245E4405,2026-04-01,0.039,1250299.3115999997,6855896.316799998,1258605.683699999,6864222.819899999,False
5kmN3245E4410,2026-04-01,0.031,1258458.7131999992,6855745.599600002,1266773.0623999983,6864080.023199998,False
5kmN3245E4415,2026-04-01,0.016,1266617.8418999985,6855586.652500004,1274940.1517999992,6863928.977799997,False
5kmN3245E4420,2026-04-01,0.063,1274776.6821999997,6855419.476599999,1283106.9364,6863769.684799999,False
5kmN3245E4425,2026-04-01,0.040999999999999995,1282935.2188999988,6855244.072899997,1291273.4008999988,6863602.144900002,False
5kmN3245E4430,2026-04-01,0.032,1291093.4367999993,6855060.442299999,1299439.5298999995,6863426.359300002,False
5kmN3250E4320,2026-04-01,0.071,1111559.2602999993,6865385.1906,1119737.4974000007,6873582.498999998,False
5kmN3250E4325,2026-04-01,0.071,1119730.8731000014,6865374.457000002,1127915.7221000008,6873580.016599998,False
5kmN3250E4330,2026-04-01,0.051,1127900.817499999,6865355.466799997,1136093.9191000015,6873569.259499997,False
5kmN3250E4335,2026-04-01,0.083,1136070.7342000008,6865328.2201000005,1144272.0727000013,6873550.227899998,False
5kmN3250E4340,2026-04-01,0.055999999999999994,1144240.6077000014,6865292.717100002,1152450.1675000004,6873522.921700001,False
5kmN3250E4345,2026-04-01,0.066,1152410.422699999,6865248.9580999985,1160628.188099999,6873487.341300003,False
5kmN3250E4350,2026-04-01,0.07,1160580.1638000011,6865196.9432,1168806.1191000007,6873443.4868,False
5kmN3250E4355,2026-04-01,0.076,1168749.8154999986,6865136.672799997,1176983.9448999986,6873391.358499996,False
5kmN3250E4360,2026-04-01,0.066,1176919.3625000007,6865068.1472999975,1185161.6499999985,6873330.956600003,False
5kmN3250E4365,2026-04-01,0.076,1185088.7892999984,6864991.3671,1193339.2192000002,6873262.2817,False
5kmN3250E4370,2026-04-01,0.064,1193258.0804999992,6864906.332699999,1201516.6367999986,6873185.333999999,False
5kmN3250E4375,2026-04-01,0.073,1201427.2208000012,6864813.0446000025,1209693.8874000013,6873100.114100002,False
5kmN3250E4380,2026-04-01,0.055999999999999994,1209596.1948000006,6864711.503300004,1217870.955600001,6873006.622500002,False
5kmN3250E4385,2026-04-01,0.045,1217764.9869999997,6864601.7095,1226047.8258999996,6872904.859700002,False
5kmN3250E4390,2026-04-01,0.04,1225933.5821000002,6864483.663800001,1234224.482900001,6872794.826499999,False
5kmN3250E4395,2026-04-01,0.017,1234101.9646999985,6864357.366999999,1242400.9112000018,6872676.523400001,False
5kmN3250E4400,2026-04-01,0.009000000000000001,1242270.1193999983,6864222.819899999,1250577.0951999985,6872549.951200001,False
5kmN3250E4405,2026-04-01,0.022000000000000002,1250438.0309000015,6864080.023199998,1258753.0196999982,6872415.110600002,False
5kmN3250E4410,2026-04-01,0.045,1258605.683699999,6863928.977799997,1266928.6689999998,6872272.002499998,False
5kmN3250E4415,2026-04-01,0.02,1266773.0623999983,6863769.684799999,1275104.0278999992,6872120.627800003,False
5kmN3250E4420,2026-04-01,0.015,1274940.1517999992,6863602.144900002,1283279.0808999985,6871960.987400003,False
5kmN3250E4430,2026-04-01,0.03,1291273.4008999988,6863242.329099998,1299628.2074000016,6871616.9135000035,False
5kmN3255E4320,2026-04-01,0.052000000000000005,1111557.6000999995,6873580.016599998,1119744.1382,6881785.6369,False
5kmN3255E4325,2026-04-01,0.071,1119737.4974000007,6873569.259499997,1127930.663899999,6881783.149099998,False
5kmN3255E4330,2026-04-01,0.064,1127915.7221000008,6873550.227899998,1136117.1616999991,6881772.368500002,False
5kmN3255E4335,2026-04-01,0.054000000000000006,1136093.9191000015,6873522.921700001,1144303.6160000004,6881753.295299999,False
5kmN3255E4340,2026-04-01,0.059000000000000004,1144272.0727000013,6873487.341300003,1152490.0113000013,6881725.929499999,False
5kmN3255E4345,2026-04-01,0.071,1152450.1675000004,6873443.4868,1160676.3321000002,6881690.271399997,False
5kmN3255E4350,2026-04-01,0.051,1160628.188099999,6873391.358499996,1168862.5628999993,6881646.321000002,False
5kmN3255E4355,2026-04-01,0.057999999999999996,1168806.1191000007,6873330.956600003,1177048.688099999,6881594.0788,False
5kmN3255E4360,2026-04-01,0.065,1176983.9448999986,6873262.2817,1185234.6922999993,6881533.545000002,False
5kmN3255E4365,2026-04-01,0.061,1185161.6499999985,6873185.333999999,1193420.5599000007,6881464.7201000005,False
5kmN3255E4370,2026-04-01,0.052000000000000005,1193339.2192000002,6873100.114100002,1201606.2754000016,6881387.6043,False
5kmN3255E4375,2026-04-01,0.298,1201516.6367999986,6873006.622500002,1209791.8233000003,6881302.198200002,False
5kmN3255E4380,2026-04-01,0.064,1209693.8874000013,6872904.859700002,1217977.188000001,6881208.502400003,False
5kmN3255E4385,2026-04-01,0.049,1217870.955600001,6872794.826499999,1226162.3542000018,6881106.5173999965,False
5kmN3255E4390,2026-04-01,0.034,1226047.8258999996,6872676.523400001,1234347.3062000014,6880996.243799999,False
5kmN3255E4395,2026-04-01,0.004,1234224.482900001,6872549.951200001,1242532.0285999998,6880877.682300001,False
5kmN3255E4400,2026-04-01,0.0,1242400.9112000018,6872415.110600002,1250716.5058999993,6880750.8336,True
5kmN3255E4405,2026-04-01,0.027999999999999997,1250577.0951999985,6872272.002499998,1258900.7225000001,6880615.698600002,False
5kmN3255E4410,2026-04-01,0.021,1258753.0196999982,6872120.627800003,1267084.6631000005,6880472.277999997,False
5kmN3255E4415,2026-04-01,0.013000000000000001,1266928.6689999998,6871960.987400003,1275268.311999999,6880320.572700001,False
5kmN3255E4420,2026-04-01,0.03,1275104.0278999992,6871793.0823,1283451.6539000012,6880160.583700001,False
5kmN3255E4430,2026-04-01,0.023,1291453.8125,6871432.482000001,1299817.3544999994,6879815.758500002,False
5kmN3260E4320,2026-04-01,0.063,1111555.9356999993,6881783.149099998,1119750.7956000008,6889997.104699999,False
5kmN3260E4325,2026-04-01,0.062,1119744.1382,6881772.368500002,1127945.6429000013,6889994.611400001,False
5kmN3260E4330,2026-04-01,0.049,1127930.663899999,6881753.295299999,1136140.4622999988,6889983.807300001,False
5kmN3260E4335,2026-04-01,0.057999999999999996,1136117.1616999991,6881725.929499999,1144335.2380000018,6889964.692299999,False
5kmN3260E4340,2026-04-01,0.062,1144303.6160000004,6881690.271399997,1152529.9543999992,6889937.266599998,False
5kmN3260E4345,2026-04-01,0.047,1152490.0113000013,6881646.321000002,1160724.5960999988,6889901.530500002,False
5kmN3260E4350,2026-04-01,0.061,1160676.3321000002,6881594.0788,1168919.147500001,6889857.483999997,False
5kmN3260E4355,2026-04-01,0.053,1168862.5628999993,6881533.545000002,1177113.5927999988,6889805.127499998,False
5kmN3260E4360,2026-04-01,0.068,1177048.688099999,6881464.7201000005,1185307.9167000018,6889744.461199999,False
5kmN3260E4365,2026-04-01,0.063,1185234.6922999993,6881387.6043,1193502.1033999994,6889675.485699996,False
5kmN3260E4370,2026-04-01,0.085,1193420.5599000007,6881302.198200002,1201696.1374999993,6889598.201200001,False
5kmN3260E4375,2026-04-01,0.052000000000000005,1201606.2754000016,6881208.502400003,1209890.0033,6889512.6083,False
5kmN3260E4380,2026-04-01,0.063,1209791.8233000003,6881106.5173999965,1218083.6853,6889418.707500003,False
5kmN3260E4385,2026-04-01,0.035,1217977.188000001,6880996.243799999,1226277.1680000015,6889316.499399997,False
5kmN3260E4390,2026-04-01,0.031,1226162.3542000018,6880877.682300001,1234470.4356999993,6889205.9846,False
5kmN3260E4395,2026-04-01,0.018000000000000002,1234347.3062000014,6880750.8336,1242663.4728999995,6889087.163699999,False
5kmN3260E4400,2026-04-01,0.033,1242532.0285999998,6880615.698600002,1250856.2639999986,6888960.037600003,False
5kmN3260E4405,2026-04-01,0.015,1250716.5058999993,6880472.277999997,1259048.7936000004,6888824.607000001,False
5kmN3260E4410,2026-04-01,0.04,1258900.7225000001,6880320.572700001,1267241.0458999984,6888680.872699998,False
5kmN3260E4415,2026-04-01,0.0,1267084.6631000005,6880160.583700001,1275433.0056000017,6888528.835600004,True
5kmN3260E4420,2026-04-01,0.026000000000000002,1275268.311999999,6879992.311999999,1283624.6570999995,6888368.496799998,False
5kmN3260E4425,2026-04-01,0.067,1283451.6539000012,6879815.758500002,1291815.9847000018,6888199.857000001,False
5kmN3265E4320,2026-04-01,0.07400000000000001,1111554.2672000006,6889994.611400001,1119757.4695000015,6898216.9256,False
5kmN3265E4325,2026-04-01,0.115,1119750.7956000008,6889983.807300001,1127960.6594000012,6898214.426899999,False
5kmN3265E4330,2026-04-01,0.05,1127945.6429000013,6889964.692299999,1136163.8209999986,6898203.599100001,False
5kmN3265E4335,2026-04-01,0.051,1136140.4622999988,6889937.266599998,1144366.9389000013,6898184.442199998,False
5kmN3265E4340,2026-04-01,0.055,1144335.2380000018,6889901.530500002,1152569.997299999,6898156.956500001,False
5kmN3265E4345,2026-04-01,0.044000000000000004,1152529.9543999992,6889857.483999997,1160772.9805999994,6898121.141999997,False
5kmN3265E4350,2026-04-01,0.051,1160724.5960999988,6889805.127499998,1168975.873300001,6898076.998999998,False
5kmN3265E4355,2026-04-01,0.062,1168919.147500001,6889744.461199999,1177178.6594999991,6898024.527800001,False
5kmN3265E4360,2026-04-01,0.062,1177113.5927999988,6889675.485699996,1185381.3238000013,6897963.728600003,False
5kmN3265E4365,2026-04-01,0.063,1185307.9167000018,6889598.201200001,1193583.8504999988,6897894.601899996,False
5kmN3265E4370,2026-04-01,0.079,1193502.1033999994,6889512.6083,1201786.2239000015,6897817.148100004,False
5kmN3265E4375,2026-04-01,0.055,1201696.1374999993,6889418.707500003,1209988.4283999987,6897731.367700003,False
5kmN3265E4380,2026-04-01,0.078,1209890.0033,6889316.499399997,1218190.4485,6897637.261100002,False
5kmN3265E4385,2026-04-01,0.11900000000000001,1218083.6853,6889205.9846,1226392.2683000006,6897534.829099998,False
5kmN3265E4390,2026-04-01,0.077,1226277.1680000015,6889087.163699999,1234593.8724999987,6897424.072099999,False
5kmN3265E4395,2026-04-01,0.022000000000000002,1234470.4356999993,6888960.037600003,1242795.2452000007,6897304.990999997,False
5kmN3265E4400,2026-04-01,0.025,1242663.4728999995,6888824.607000001,1250996.3709999993,6897177.586400002,False
5kmN3265E4405,2026-04-01,0.033,1250856.2639999986,6888680.872699998,1259197.234099999,6897041.859099999,False
5kmN3265E4410,2026-04-01,0.028999999999999998,1259048.7936000004,6888528.835600004,1267397.8191,6896897.810000002,False
5kmN3265E4415,2026-04-01,0.028999999999999998,1267241.0458999984,6888368.496799998,1275598.110199999,6896745.439900003,False
5kmN3265E4420,2026-04-01,0.023,1275433.0056000017,6888199.857000001,1283798.0918999985,6896584.749799997,False
5kmN3270E4320,2026-04-01,0.066,1111552.5945999995,6898214.426899999,1119764.1601999998,6906445.123199999,False
5kmN3270E4325,2026-04-01,0.07200000000000001,1119757.4695000015,6898203.599100001,1127975.7133000009,6906442.618900001,False
5kmN3270E4330,2026-04-01,0.052000000000000005,1127960.6594000012,6898184.442199998,1136187.2380999997,6906431.7673999965,False
5kmN3270E4335,2026-04-01,0.053,1136163.8209999986,6898156.956500001,1144398.7190000005,6906412.568499997,False
5kmN3270E4340,2026-04-01,0.032,1144366.9389000013,6898121.141999997,1152610.1402000003,6906385.022399999,False
5kmN3270E4345,2026-04-01,0.028999999999999998,1152569.997299999,6898076.998999998,1160821.4860999994,6906349.129299998,False
5kmN3270E4350,2026-04-01,0.054000000000000006,1160772.9805999994,6898024.527800001,1169032.7408000007,6906304.8895,False
5kmN3270E4355,2026-04-01,0.035,1168975.873300001,6897963.728600003,1177243.8889000006,6906252.303099997,False
5kmN3270E4360,2026-04-01,0.047,1177178.6594999991,6897894.601899996,1185454.9144000001,6906191.370499998,False
5kmN3270E4365,2026-04-01,0.053,1185381.3238000013,6897817.148100004,1193665.8018999994,6906122.092100002,False
5kmN3270E4370,2026-04-01,0.059000000000000004,1193583.8504999988,6897731.367700003,1201876.5353999995,6906044.4683,False
5kmN3270E4375,2026-04-01,0.061,1201786.2239000015,6897637.261100002,1210087.0995000005,6905958.499700002,False
5kmN3270E4380,2026-04-01,0.064,1209988.4283999987,6897534.829099998,1218297.4783000015,6905864.1866,False
5kmN3270E4385,2026-04-01,0.031,1218190.4485,6897424.072099999,1226507.6563000008,6905761.529799998,False
5kmN3270E4390,2026-04-01,0.026000000000000002,1226392.2683000006,6897304.990999997,1234717.6176999994,6905650.5298999995,False
5kmN3270E4395,2026-04-01,0.039,1234593.8724999987,6897177.586400002,1242927.3467999995,6905531.1875,False
5kmN3270E4400,2026-04-01,0.044000000000000004,1242795.2452000007,6897041.859099999,1251136.8280000016,6905403.503300004,False
5kmN3270E4405,2026-04-01,0.013000000000000001,1250996.3709999993,6896897.810000002,1259346.045499999,6905267.478299998,False
5kmN3270E4410,2026-04-01,0.027000000000000003,1259197.234099999,6896745.439900003,1267554.9838000014,6905123.113200001,False
5kmN3270E4415,2026-04-01,0.084,1267397.8191,6896584.749799997,1275763.6272,6904970.408799998,False
5kmN3270E4420,2026-04-01,0.018000000000000002,1275598.110199999,6896415.740699999,1283971.960000001,6904809.366300002,False
5kmN3270E4425,2026-04-01,0.022000000000000002,1283798.0918999985,6896238.413699999,1292179.9664999992,6904639.986500002,False
5kmN3270E4430,2026-04-01,0.039,1291997.7485999987,6896052.7698,1300387.631099999,6904462.270499997,False
5kmN3275E4320,2026-04-01,0.046,1111550.9177,6906442.618900001,1119770.8676000014,6914681.720799997,False
5kmN3275E4325,2026-04-01,0.062,1119764.1601999998,6906431.7673999965,1127990.8049000017,6914679.211099997,False
5kmN3275E4330,2026-04-01,0.068,1127975.7133000009,6906412.568499997,1136210.7137999982,6914668.335600004,False
5kmN3275E4335,2026-04-01,0.052000000000000005,1136187.2380999997,6906385.022399999,1144430.5786999986,6914649.094499998,False
5kmN3275E4340,2026-04-01,0.052000000000000005,1144398.7190000005,6906349.129299998,1152650.3836000003,6914621.487899996,False
5kmN3275E4345,2026-04-01,0.051,1152610.1402000003,6906304.8895,1160870.1127999984,6914585.516000003,False
5kmN3275E4350,2026-04-01,0.038,1160821.4860999994,6906252.303099997,1169089.7507000007,6914541.178900003,False
5kmN3275E4355,2026-04-01,0.057999999999999996,1169032.7408000007,6906191.370499998,1177309.2813999988,6914488.476899996,False
5kmN3275E4360,2026-04-01,0.064,1177243.8889000006,6906122.092100002,1185528.689100001,6914427.410400003,False
5kmN3275E4365,2026-04-01,0.021,1185454.9144000001,6906044.4683,1193747.9582000002,6914357.979800001,False
5kmN3275E4370,2026-04-01,0.0,1193665.8018999994,6905958.499700002,1201967.072900001,6914280.185400002,True
5kmN3275E4375,2026-04-01,0.051,1201876.5353999995,6905864.1866,1210186.0174000002,6914194.027800001,False
5kmN3275E4380,2026-04-01,0.046,1210087.0995000005,6905761.529799998,1218404.7760000005,6914099.5075,False
5kmN3275E4385,2026-04-01,0.036000000000000004,1218297.4783000015,6905650.5298999995,1226623.3328999989,6913996.625100002,False
5kmN3275E4390,2026-04-01,0.022000000000000002,1226507.6563000008,6905531.1875,1234841.6724000014,6913885.381300002,False
5kmN3275E4395,2026-04-01,0.035,1234717.6176999994,6905403.503300004,1243059.7787999995,6913765.776600003,False
5kmN3275E4400,2026-04-01,0.008,1242927.3467999995,6905267.478299998,1251277.6363000013,6913637.811899997,False
5kmN3275E4405,2026-04-01,0.036000000000000004,1251136.8280000016,6905123.113200001,1259495.2291,6913501.487999998,False
5kmN3275E4410,2026-04-01,0.02,1259346.045499999,6904970.408799998,1267712.5417000018,6913356.805699997,False
5kmN3275E4415,2026-04-01,0.02,1267554.9838000014,6904809.366300002,1275929.5582000017,6913203.765900001,False
5kmN3275E4420,2026-04-01,0.013999999999999999,1275763.6272,6904639.986500002,1284146.2628999986,6913042.369599998,False
5kmN3275E4425,2026-04-01,0.01,1283971.960000001,6904462.270499997,1292362.6400999986,6912872.617700003,False
5kmN3275E4430,2026-04-01,0.02,1292179.9664999992,6904276.219400004,1300578.6741000004,6912694.511299998,False
5kmN3280E4320,2026-04-01,0.059000000000000004,1111549.2366000004,6914679.211099997,1119777.5918000005,6922926.7421,False
5kmN3280E4325,2026-04-01,0.064,1119770.8676000014,6914668.335600004,1128005.9343000017,6922924.226800002,False
5kmN3280E4330,2026-04-01,0.065,1127990.8049000017,6914649.094499998,1136234.248399999,6922913.327500001,False
5kmN3280E4335,2026-04-01,0.055999999999999994,1136210.7137999982,6914621.487899996,1144462.518100001,6922894.044,False
5kmN3280E4340,2026-04-01,0.06,1144430.5786999986,6914585.516000003,1152690.7276999988,6922866.376599997,False
5kmN3280E4345,2026-04-01,0.039,1152650.3836000003,6914541.178900003,1160918.8614000008,6922830.325499997,False
5kmN3280E4350,2026-04-01,0.047,1160870.1127999984,6914488.476899996,1169146.9032999985,6922785.890799999,False
5kmN3280E4355,2026-04-01,0.021,1169089.7507000007,6914427.410400003,1177374.8376999982,6922733.072800003,False
5kmN3280E4360,2026-04-01,0.034,1177309.2813999988,6914357.979800001,1185602.648600001,6922671.8719,False
5kmN3280E4365,2026-04-01,0.051,1185528.689100001,6914280.185400002,1193830.3203999996,6922602.2885000035,False
5kmN3280E4370,2026-04-01,0.0,1193747.9582000002,6914194.027800001,1202057.8370999992,6922524.322899997,True
5kmN3280E4375,2026-04-01,0.038,1201967.072900001,6914099.5075,1210285.1829999983,6922437.975699998,False
5kmN3280E4380,2026-04-01,0.02,1210186.0174000002,6913996.625100002,1218512.3423000015,6922343.247299999,False
5kmN3280E4385,2026-04-01,0.013999999999999999,1218404.7760000005,6913885.381300002,1226739.2991999984,6922240.138499998,False
5kmN3280E4390,2026-04-01,0.027000000000000003,1226623.3328999989,6913765.776600003,1234966.0377999991,6922128.649800003,False
5kmN3280E4395,2026-04-01,0.048,1234841.6724000014,6913637.811899997,1243192.5423999988,6922008.781999998,False
5kmN3280E4400,2026-04-01,0.015,1243059.7787999995,6913501.487999998,1251418.7971,6921880.535700001,False
5kmN3280E4405,2026-04-01,0.027999999999999997,1251277.6363000013,6913356.805699997,1259644.7862999998,6921743.911799997,False
5kmN3280E4410,2026-04-01,0.013000000000000001,1259495.2291,6913203.765900001,1267870.493999999,6921598.9111,False
5kmN3280E4415,2026-04-01,0.036000000000000004,1267712.5417000018,6913042.369599998,1276095.9045999981,6921445.534599997,False
5kmN3280E4420,2026-04-01,0.035,1275929.5582000017,6912872.617700003,1284321.0020999983,6921283.783200003,False
5kmN3280E4425,2026-04-01,0.024,1284146.2628999986,6912694.511299998,1292545.7710000016,6921113.657799996,False
5kmN3280E4430,2026-04-01,0.018000000000000002,1292362.6400999986,6912508.051600002,1300770.1953000017,6920935.159699999,False
5kmN3285E4320,2026-04-01,0.042,1111547.5513999984,6922924.226800002,1119784.3328999989,6931180.210699998,False
5kmN3285E4325,2026-04-01,0.061,1119777.5918000005,6922913.327500001,1128021.1017000005,6931177.689900003,False
5kmN3285E4330,2026-04-01,0.032,1128005.9343000017,6922894.044,1136257.8418999985,6931166.766500004,False
5kmN3285E4335,2026-04-01,0.045,1136234.248399999,6922866.376599997,1144494.5377000012,6931147.4406,False
5kmN3285E4340,2026-04-01,0.068,1144462.518100001,6922830.325499997,1152731.1730999984,6931119.712200001,False
5kmN3285E4345,2026-04-01,0.038,1152690.7276999988,6922785.890799999,1160967.7322000004,6931083.581600003,False
5kmN3285E4350,2026-04-01,0.048,1160918.8614000008,6922733.072800003,1169204.1992999986,6931039.048900001,False
5kmN3285E4355,2026-04-01,0.06,1169146.9032999985,6922671.8719,1177440.5584000014,6930986.114500001,False
5kmN3285E4360,2026-04-01,0.044000000000000004,1177374.8376999982,6922602.2885000035,1185676.7936000004,6930924.778700002,False
5kmN3285E4365,2026-04-01,0.042,1185602.648600001,6922524.322899997,1193912.8891000003,6930855.0418,False
5kmN3285E4370,2026-04-01,0.051,1193830.3203999996,6922437.975699998,1202148.8288999982,6930776.9043999985,False
5kmN3285E4375,2026-04-01,0.032,1202057.8370999992,6922343.247299999,1210384.5973000005,6930690.366800003,False
5kmN3285E4380,2026-04-01,0.04,1210285.1829999983,6922240.138499998,1218620.1783999987,6930595.429700002,False
5kmN3285E4385,2026-04-01,0.022000000000000002,1218512.3423000015,6922128.649800003,1226855.5562000014,6930492.093599997,False
5kmN3285E4390,2026-04-01,0.023,1226739.2991999984,6922008.781999998,1235090.7149999999,6930380.359200001,False
5kmN3285E4395,2026-04-01,0.036000000000000004,1234966.0377999991,6921880.535700001,1243325.638799999,6930260.2272000015,False
5kmN3285E4400,2026-04-01,0.021,1243192.5423999988,6921743.911799997,1251560.311900001,6930131.698299997,False
5kmN3285E4405,2026-04-01,0.026000000000000002,1251418.7971,6921598.9111,1259794.7182999998,6929994.7733,False
5kmN3285E4410,2026-04-01,0.0,1259644.7862999998,6921445.534599997,1268028.8423000015,6929849.453100003,True
5kmN3285E4415,2026-04-01,0.036000000000000004,1267870.493999999,6921283.783200003,1276262.6678999998,6929695.738600001,False
5kmN3285E4420,2026-04-01,0.023,1276095.9045999981,6921113.657799996,1284496.1794000007,6929533.6307,False
5kmN3285E4425,2026-04-01,0.02,1284321.0020999983,6920935.159699999,1292729.3608999997,6929363.130500004,False
5kmN3285E4430,2026-04-01,0.008,1292545.7710000016,6920748.2897000015,1300962.1964999996,6929184.239100002,False
5kmN3290E4320,2026-04-01,0.043,1111545.8619000018,6931177.689900003,1119791.0909000002,6939442.150399998,False
5kmN3290E4325,2026-04-01,0.0,1119784.3328999989,6931166.766500004,1128036.3071000017,6939439.6241,True
5kmN3290E4330,2026-04-01,0.0,1128021.1017000005,6931147.4406,1136281.4946999997,6939428.6765,True
5kmN3290E4335,2026-04-01,0.053,1136257.8418999985,6931119.712200001,1144526.637600001,6939409.307899997,False
5kmN3290E4340,2026-04-01,0.067,1144494.5377000012,6931083.581600003,1152771.7199000008,6939381.518299997,False
5kmN3290E4345,2026-04-01,0.022000000000000002,1152731.1730999984,6931039.048900001,1161016.7256999984,6939345.307899997,False
5kmN3290E4350,2026-04-01,0.027999999999999997,1160967.7322000004,6930986.114500001,1169261.6391000003,6939300.676899999,False
5kmN3290E4355,2026-04-01,0.024,1169204.1992999986,6930924.778700002,1177506.4439999983,6939247.625699997,False
5kmN3290E4360,2026-04-01,0.048,1177440.5584000014,6930855.0418,1185751.1246000007,6939186.1543999985,False
5kmN3290E4365,2026-04-01,0.03,1185676.7936000004,6930776.9043999985,1193995.664999999,6939116.263599999,False
5kmN3290E4370,2026-04-01,0.047,1193912.8891000003,6930690.366800003,1202240.0491000004,6939037.953699999,False
5kmN3290E4375,2026-04-01,0.043,1202148.8288999982,6930595.429700002,1210484.2611000016,6938951.225100003,False
5kmN3290E4380,2026-04-01,0.022000000000000002,1210384.5973000005,6930492.093599997,1218728.2851000018,6938856.078400001,False
5kmN3290E4385,2026-04-01,0.018000000000000002,1218620.1783999987,6930380.359200001,1226972.1050999984,6938752.514200002,False
5kmN3290E4390,2026-04-01,0.025,1226855.5562000014,6930260.2272000015,1235215.7051,6938640.533200003,False
5kmN3290E4395,2026-04-01,0.037000000000000005,1235090.7149999999,6930131.698299997,1243459.0692999996,6938520.135899998,False
5kmN3290E4400,2026-04-01,0.022000000000000002,1243325.638799999,6929994.7733,1251702.1818000004,6938391.323299997,False
5kmN3290E4405,2026-04-01,0.013000000000000001,1251560.311900001,6929849.453100003,1259945.0267000012,6938254.0961000025,False
5kmN3290E4410,2026-04-01,0.019,1259794.7182999998,6929695.738600001,1268187.5879999995,6938108.455200002,False
5kmN3290E4415,2026-04-01,0.027000000000000003,1268028.8423000015,6929533.6307,1276429.8498000018,6937954.401500002,False
5kmN3290E4420,2026-04-01,0.017,1276262.6678999998,6929363.130500004,1284671.7961999997,6937791.935900003,False
5kmN3290E4425,2026-04-01,0.02,1284496.1794000007,6929184.239100002,1292913.4114000015,6937621.0594,False
5kmN3290E4430,2026-04-01,0.026000000000000002,1292729.3608999997,6928996.957500003,1301154.6794000007,6937441.773199998,False
5kmN3295E4320,2026-04-01,0.055999999999999994,1111544.1680999994,6939439.6241,1119797.8658999987,6947712.585000001,False
5kmN3295E4325,2026-04-01,0.034,1119791.0909000002,6939428.6765,1128051.5507999994,6947710.053099997,False
5kmN3295E4330,2026-04-01,0.0,1128036.3071000017,6939409.307899997,1136305.2069000006,6947699.0814,True
5kmN3295E4340,2026-04-01,0.077,1144526.637600001,6939345.307899997,1152812.3687000014,6947651.818899997,False
5kmN3295E4345,2026-04-01,0.0,1152771.7199000008,6939300.676899999,1161065.8423999995,6947615.528399996,True
5kmN3295E4350,2026-04-01,0.034,1161016.7256999984,6939247.625699997,1169319.2232000008,6947570.798699997,False
5kmN3295E4355,2026-04-01,0.047,1169261.6391000003,6939186.1543999985,1177572.4952999987,6947517.630199999,False
5kmN3295E4360,2026-04-01,0.023,1177506.4439999983,6939116.263599999,1185825.6424999982,6947456.023000002,False
5kmN3295E4365,2026-04-01,0.039,1185751.1246000007,6939037.953699999,1194078.6488999985,6947385.9777000025,False
5kmN3295E4370,2026-04-01,0.028999999999999998,1193995.664999999,6938951.225100003,1202331.4985999987,6947307.494599998,False
5kmN3295E4375,2026-04-01,0.037000000000000005,1202240.0491000004,6938856.078400001,1210584.1754,6947220.574199997,False
5kmN3295E4380,2026-04-01,0.017,1210484.2611000016,6938752.514200002,1218836.6634999998,6947125.217200004,False
5kmN3295E4385,2026-04-01,0.034,1218728.2851000018,6938640.533200003,1227088.946800001,6947021.424000002,False
5kmN3295E4390,2026-04-01,0.026000000000000002,1226972.1050999984,6938520.135899998,1235341.009300001,6946909.1954,False
5kmN3295E4395,2026-04-01,0.031,1235215.7051,6938391.323299997,1243592.8350999989,6946788.5320999995,False
5kmN3295E4400,2026-04-01,0.027000000000000003,1243459.0692999996,6938254.0961000025,1251844.4081999995,6946659.434699997,False
5kmN3295E4405,2026-04-01,0.044000000000000004,1251702.1818000004,6938108.455200002,1260095.7126000002,6946521.904200003,False
5kmN3295E4410,2026-04-01,0.018000000000000002,1259945.0267000012,6937954.401500002,1268346.7324,6946375.941299997,False
5kmN3295E4415,2026-04-01,0.01,1268187.5879999995,6937791.935900003,1276597.4516000003,6946221.5471,False
5kmN3295E4420,2026-04-01,0.026000000000000002,1276429.8498000018,6937621.0594,1284847.8542000018,6946058.722400002,False
5kmN3295E4425,2026-04-01,0.03,1284671.7961999997,6937441.773199998,1293097.9243,6945887.4683,False
5kmN3295E4430,2026-04-01,0.013000000000000001,1292913.4114000015,6937254.078400001,1301347.6459,6945707.785899997,False
5kmN3300E4320,2026-04-01,0.035,1111542.4701000005,6947710.053099997,1119804.6579000019,6955991.5385000035,False
5kmN3300E4325,2026-04-01,0.055,1119797.8658999987,6947699.0814,1128066.832800001,6955989.0009,False
5kmN3300E4330,2026-04-01,0.040999999999999995,1128051.5507999994,6947679.6699,1136328.9787999988,6955978.004900001,False
5kmN3300E4335,2026-04-01,0.011000000000000001,1136305.2069000006,6947651.818899997,1144591.0797999986,6955958.550499998,False
5kmN3300E4340,2026-04-01,0.038,1144558.8181999996,6947615.528399996,1152853.1196999997,6955930.637699999,False
5kmN3300E4345,2026-04-01,0.0,1152812.3687000014,6947570.798699997,1161115.0826000012,6955894.266900003,True
5kmN3300E4350,2026-04-01,0.059000000000000004,1161065.8423999995,6947517.630199999,1169376.952300001,6955849.438199997,False
5kmN3300E4355,2026-04-01,0.026000000000000002,1169319.2232000008,6947456.023000002,1177638.7126999982,6955796.151900001,False
5kmN3300E4360,2026-04-01,0.045,1177572.4952999987,6947385.9777000025,1185900.3478999995,6955734.408299997,False
5kmN3300E4365,2026-04-01,0.053,1185825.6424999982,6947307.494599998,1194161.8416999988,6955664.207900003,False
5kmN3300E4370,2026-04-01,0.02,1194078.6488999985,6947220.574199997,1202423.178100001,6955585.550999999,False
5kmN3300E4375,2026-04-01,0.016,1202331.4985999987,6947125.217200004,1210684.3409999982,6955498.438199997,False
5kmN3300E4380,2026-04-01,0.03,1210584.1754,6947021.424000002,1218945.3145000003,6955402.869999997,False
5kmN3300E4385,2026-04-01,0.018000000000000002,1218836.6634999998,6946909.1954,1227206.0824000016,6955298.847000003,False
5kmN3300E4390,2026-04-01,0.031,1227088.946800001,6946788.5320999995,1235466.6286999993,6955186.369900003,False
5kmN3300E4395,2026-04-01,0.039,1235341.009300001,6946659.434699997,1243726.9373999983,6955065.439400002,False
5kmN3300E4400,2026-04-01,0.044000000000000004,1243592.8350999989,6946521.904200003,1251986.9924000017,6954936.056199998,False
5kmN3300E4405,2026-04-01,0.057,1251844.4081999995,6946375.941299997,1260246.7776000015,6954798.221199997,False
5kmN3300E4410,2026-04-01,0.019,1260095.7126000002,6946221.5471,1268506.2771999985,6954651.9353,False
5kmN3300E4415,2026-04-01,0.006,1268346.7324,6946058.722400002,1276765.4750000015,6954497.199299999,False
5kmN3300E4420,2026-04-01,0.031,1276597.4516000003,6945887.4683,1285024.3550000004,6954334.014200002,False
5kmN3300E4425,2026-04-01,0.023,1284847.8542000018,6945707.785899997,1293282.9012000002,6954162.381099999,False
5kmN3300E4430,2026-04-01,0.009000000000000001,1293097.9243,6945519.676299997,1301541.0975000001,6953982.300999999,False
5kmN3305E4320,2026-04-01,0.099,1111540.7677999996,6955989.0009,1119811.4670000002,6964279.0348000005,False
5kmN3305E4325,2026-04-01,0.079,1119804.6579000019,6955978.004900001,1128082.1532999985,6964276.491599999,False
5kmN3305E4330,2026-04-01,0.066,1128066.832800001,6955958.550499998,1136352.8104999997,6964265.471199997,False
5kmN3305E4335,2026-04-01,0.068,1136328.9787999988,6955930.637699999,1144623.422600001,6964245.9736,False
5kmN3305E4340,2026-04-01,0.138,1144591.0797999986,6955894.266900003,1152893.9734000005,6964217.998999998,False
5kmN3305E4345,2026-04-01,0.05,1152853.1196999997,6955849.438199997,1161164.446800001,6964181.547499999,False
5kmN3305E4350,2026-04-01,0.059000000000000004,1161115.0826000012,6955796.151900001,1169434.8266999982,6964136.6193,False
5kmN3305E4355,2026-04-01,0.054000000000000006,1169376.952300001,6955734.408299997,1177705.0969000012,6964083.2148,False
5kmN3305E4360,2026-04-01,0.05,1177638.7126999982,6955664.207900003,1185975.2413999997,6964021.3342999965,False
5kmN3305E4365,2026-04-01,0.042,1185900.3478999995,6955585.550999999,1194245.243999999,6963950.9782000035,False
5kmN3305E4370,2026-04-01,0.044000000000000004,1194161.8416999988,6955498.438199997,1202515.0885000005,6963872.146899998,False
5kmN3305E4375,2026-04-01,0.017,1202423.178100001,6955402.869999997,1210784.7589999996,6963784.840899996,False
5kmN3305E4380,2026-04-01,0.049,1210684.3409999982,6955298.847000003,1219054.2391999997,6963689.060800001,False
5kmN3305E4385,2026-04-01,0.034,1218945.3145000003,6955186.369900003,1227323.5130000003,6963584.807099998,False
5kmN3305E4390,2026-04-01,0.051,1227206.0824000016,6955065.439400002,1235592.5645000003,6963472.080600001,False
5kmN3305E4395,2026-04-01,0.044000000000000004,1235466.6286999993,6954936.056199998,1243861.3773000017,6963350.881999999,False
5kmN3305E4400,2026-04-01,0.031,1243726.9373999983,6954798.221199997,1252129.9356000014,6963221.211900003,False
5kmN3305E4405,2026-04-01,0.026000000000000002,1251986.9924000017,6954651.9353,1260398.2230000012,6963083.0713,False
5kmN3305E4410,2026-04-01,0.052000000000000005,1260246.7776000015,6954497.199299999,1268666.2237000018,6962936.461000003,False
5kmN3305E4415,2026-04-01,0.036000000000000004,1268506.2771999985,6954334.014200002,1276933.9213999994,6962781.381999999,False
5kmN3305E4420,2026-04-01,0.035,1276765.4750000015,6954162.381099999,1285201.3000999987,6962617.835100003,False
5kmN3305E4425,2026-04-01,0.025,1285024.3550000004,6953982.300999999,1293468.3438000008,6962445.821500003,False
5kmN3305E4430,2026-04-01,0.10400000000000001,1293282.9012000002,6953793.7751,1301735.0362000018,6962265.342299998,False
