region,segment,status,share_pct,base_weighted
Schleswig-Holstein,minis,very_low,6.0,585.0
Schleswig-Holstein,minis,low,20.0,585.0
Schleswig-Holstein,minis,medium,26.0,585.0
Schleswig-Holstein,minis,high,30.0,585.0
Schleswig-Holstein,minis,very_high,18.0,585.0
Hamburg,minis,very_low,5.0,264.0
Hamburg,minis,low,7.0,264.0
Hamburg,minis,medium,29.0,264.0
Hamburg,minis,high,41.0,264.0
Hamburg,minis,very_high,18.0,264.0
Niedersachsen,minis,very_low,7.0,1477.0
Niedersachsen,minis,low,11.0,1477.0
Niedersachsen,minis,medium,31.0,1477.0
Niedersachsen,minis,high,38.0,1477.0
Niedersachsen,minis,very_high,13.0,1477.0
Bremen,minis,very_low,5.0,83.0
Bremen,minis,low,11.0,83.0
Bremen,minis,medium,37.0,83.0
Bremen,minis,high,39.0,83.0
Bremen,minis,very_high,8.0,83.0
Nordrhein-Westfalen,minis,very_low,8.0,3865.0
Nordrhein-Westfalen,minis,low,11.0,3865.0
Nordrhein-Westfalen,minis,medium,30.0,3865.0
Nordrhein-Westfalen,minis,high,38.0,3865.0
Nordrhein-Westfalen,minis,very_high,13.0,3865.0
Hessen,minis,very_low,6.0,1171.0
Hessen,minis,low,10.0,1171.0
Hessen,minis,medium,26.0,1171.0
Hessen,minis,high,40.0,1171.0
Hessen,minis,very_high,18.0,1171.0
Rheinland-Pfalz,minis,very_low,4.0,714.0
Rheinland-Pfalz,minis,low,11.0,714.0
Rheinland-Pfalz,minis,medium,29.0,714.0
Rheinland-Pfalz,minis,high,43.0,714.0
Rheinland-Pfalz,minis,very_high,13.0,714.0
Baden-Wuerttemberg,minis,very_low,5.0,2122.0
Baden-Wuerttemberg,minis,low,6.0,2122.0
Baden-Wuerttemberg,minis,medium,27.0,2122.0
Baden-Wuerttemberg,minis,high,42.0,2122.0
Baden-Wuerttemberg,minis,very_high,20.0,2122.0
Bayern,minis,very_low,6.0,2266.0
Bayern,minis,low,9.0,2266.0
Bayern,minis,medium,30.0,2266.0
Bayern,minis,high,39.0,2266.0
Bayern,minis,very_high,15.0,2266.0
Saarland,minis,very_low,6.0,250.0
Saarland,minis,low,17.0,250.0
Saarland,minis,medium,32.0,250.0
Saarland,minis,high,36.0,250.0
Saarland,minis,very_high,8.0,250.0
Berlin,minis,very_low,7.0,382.0
Berlin,minis,low,5.0,382.0
Berlin,minis,medium,35.0,382.0
Berlin,minis,high,38.0,382.0
Berlin,minis,very_high,14.0,382.0
Brandenburg,minis,very_low,8.0,544.0
Brandenburg,minis,low,13.0,544.0
Brandenburg,minis,medium,32.0,544.0
Brandenburg,minis,high,37.0,544.0
Brandenburg,minis,very_high,10.0,544.0
Mecklenburg-Vorpommern,minis,very_low,3.0,197.0
Mecklenburg-Vorpommern,minis,low,20.0,197.0
Mecklenburg-Vorpommern,minis,medium,39.0,197.0
Mecklenburg-Vorpommern,minis,high,30.0,197.0
Mecklenburg-Vorpommern,minis,very_high,8.0,197.0
Sachsen,minis,very_low,12.0,692.0
Sachsen,minis,low,22.0,692.0
Sachsen,minis,medium,27.0,692.0
Sachsen,minis,high,35.0,692.0
Sachsen,minis,very_high,5.0,692.0
Sachsen-Anhalt,minis,very_low,17.0,298.0
Sachsen-Anhalt,minis,low,17.0,298.0
Sachsen-Anhalt,minis,medium,33.0,298.0
Sachsen-Anhalt,minis,high,28.0,298.0
Sachsen-Anhalt,minis,very_high,5.0,298.0
Thueringen,minis,very_low,12.0,402.0
Thueringen,minis,low,18.0,402.0
Thueringen,minis,medium,37.0,402.0
Thueringen,minis,high,28.0,402.0
Thueringen,minis,very_high,6.0,402.0
Schleswig-Holstein,kleinwagen,very_low,7.0,2491.0
Schleswig-Holstein,kleinwagen,low,11.0,2491.0
Schleswig-Holstein,kleinwagen,medium,28.0,2491.0
Schleswig-Holstein,kleinwagen,high,40.0,2491.0
Schleswig-Holstein,kleinwagen,very_high,14.0,2491.0
Hamburg,kleinwagen,very_low,5.0,953.0
Hamburg,kleinwagen,low,8.0,953.0
Hamburg,kleinwagen,medium,31.0,953.0
Hamburg,kleinwagen,high,38.0,953.0
Hamburg,kleinwagen,very_high,18.0,953.0
Niedersachsen,kleinwagen,very_low,5.0,6389.0
Niedersachsen,kleinwagen,low,12.0,6389.0
Niedersachsen,kleinwagen,medium,31.0,6389.0
Niedersachsen,kleinwagen,high,40.0,6389.0
Niedersachsen,kleinwagen,very_high,13.0,6389.0
Bremen,kleinwagen,very_low,7.0,385.0
Bremen,kleinwagen,low,9.0,385.0
Bremen,kleinwagen,medium,29.0,385.0
Bremen,kleinwagen,high,39.0,385.0
Bremen,kleinwagen,very_high,17.0,385.0
Nordrhein-Westfalen,kleinwagen,very_low,6.0,15570.0
Nordrhein-Westfalen,kleinwagen,low,10.0,15570.0
Nordrhein-Westfalen,kleinwagen,medium,30.0,15570.0
Nordrhein-Westfalen,kleinwagen,high,39.0,15570.0
Nordrhein-Westfalen,kleinwagen,very_high,15.0,15570.0
Hessen,kleinwagen,very_low,5.0,4985.0
Hessen,kleinwagen,low,10.0,4985.0
Hessen,kleinwagen,medium,28.0,4985.0
Hessen,kleinwagen,high,41.0,4985.0
Hessen,kleinwagen,very_high,17.0,4985.0
Rheinland-Pfalz,kleinwagen,very_low,7.0,3890.0
Rheinland-Pfalz,kleinwagen,low,10.0,3890.0
Rheinland-Pfalz,kleinwagen,medium,28.0,3890.0
Rheinland-Pfalz,kleinwagen,high,43.0,3890.0
Rheinland-Pfalz,kleinwagen,very_high,13.0,3890.0
Baden-Wuerttemberg,kleinwagen,very_low,6.0,8656.0
Baden-Wuerttemberg,kleinwagen,low,8.0,8656.0
Baden-Wuerttemberg,kleinwagen,medium,26.0,8656.0
Baden-Wuerttemberg,kleinwagen,high,43.0,8656.0
Baden-Wuerttemberg,kleinwagen,very_high,16.0,8656.0
Bayern,kleinwagen,very_low,6.0,11089.0
Bayern,kleinwagen,low,9.0,11089.0
Bayern,kleinwagen,medium,30.0,11089.0
Bayern,kleinwagen,high,40.0,11089.0
Bayern,kleinwagen,very_high,15.0,11089.0
Saarland,kleinwagen,very_low,8.0,1130.0
Saarland,kleinwagen,low,10.0,1130.0
Saarland,kleinwagen,medium,32.0,1130.0
Saarland,kleinwagen,high,39.0,1130.0
Saarland,kleinwagen,very_high,12.0,1130.0
Berlin,kleinwagen,very_low,4.0,1538.0
Berlin,kleinwagen,low,11.0,1538.0
Berlin,kleinwagen,medium,32.0,1538.0
Berlin,kleinwagen,high,40.0,1538.0
Berlin,kleinwagen,very_high,12.0,1538.0
Brandenburg,kleinwagen,very_low,7.0,2011.0
Brandenburg,kleinwagen,low,13.0,2011.0
Brandenburg,kleinwagen,medium,33.0,2011.0
Brandenburg,kleinwagen,high,36.0,2011.0
Brandenburg,kleinwagen,very_high,10.0,2011.0
Mecklenburg-Vorpommern,kleinwagen,very_low,9.0,1084.0
Mecklenburg-Vorpommern,kleinwagen,low,11.0,1084.0
Mecklenburg-Vorpommern,kleinwagen,medium,35.0,1084.0
Mecklenburg-Vorpommern,kleinwagen,high,36.0,1084.0
Mecklenburg-Vorpommern,kleinwagen,very_high,8.0,1084.0
Sachsen,kleinwagen,very_low,15.0,3448.0
Sachsen,kleinwagen,low,16.0,3448.0
Sachsen,kleinwagen,medium,29.0,3448.0
Sachsen,kleinwagen,high,33.0,3448.0
Sachsen,kleinwagen,very_high,7.0,3448.0
Sachsen-Anhalt,kleinwagen,very_low,9.0,1767.0
Sachsen-Anhalt,kleinwagen,low,15.0,1767.0
Sachsen-Anhalt,kleinwagen,medium,34.0,1767.0
Sachsen-Anhalt,kleinwagen,high,34.0,1767.0
Sachsen-Anhalt,kleinwagen,very_high,8.0,1767.0
Thueringen,kleinwagen,very_low,12.0,1791.0
Thueringen,kleinwagen,low,19.0,1791.0
Thueringen,kleinwagen,medium,31.0,1791.0
Thueringen,kleinwagen,high,31.0,1791.0
Thueringen,kleinwagen,very_high,7.0,1791.0
Schleswig-Holstein,kompaktklasse,very_low,3.0,2535.0
Schleswig-Holstein,kompaktklasse,low,8.0,2535.0
Schleswig-Holstein,kompaktklasse,medium,27.0,2535.0
Schleswig-Holstein,kompaktklasse,high,43.0,2535.0
Schleswig-Holstein,kompaktklasse,very_high,20.0,2535.0
Hamburg,kompaktklasse,very_low,3.0,1021.0
Hamburg,kompaktklasse,low,6.0,1021.0
Hamburg,kompaktklasse,medium,25.0,1021.0
Hamburg,kompaktklasse,high,43.0,1021.0
Hamburg,kompaktklasse,very_high,23.0,1021.0
Niedersachsen,kompaktklasse,very_low,4.0,7190.0
Niedersachsen,kompaktklasse,low,7.0,7190.0
Niedersachsen,kompaktklasse,medium,29.0,7190.0
Niedersachsen,kompaktklasse,high,44.0,7190.0
Niedersachsen,kompaktklasse,very_high,16.0,7190.0
Bremen,kompaktklasse,very_low,5.0,407.0
Bremen,kompaktklasse,low,6.0,407.0
Bremen,kompaktklasse,medium,30.0,407.0
Bremen,kompaktklasse,high,43.0,407.0
Bremen,kompaktklasse,very_high,16.0,407.0
Nordrhein-Westfalen,kompaktklasse,very_low,4.0,16045.0
Nordrhein-Westfalen,kompaktklasse,low,8.0,16045.0
Nordrhein-Westfalen,kompaktklasse,medium,27.0,16045.0
Nordrhein-Westfalen,kompaktklasse,high,43.0,16045.0
Nordrhein-Westfalen,kompaktklasse,very_high,19.0,16045.0
Hessen,kompaktklasse,very_low,3.0,5839.0
Hessen,kompaktklasse,low,7.0,5839.0
Hessen,kompaktklasse,medium,25.0,5839.0
Hessen,kompaktklasse,high,42.0,5839.0
Hessen,kompaktklasse,very_high,22.0,5839.0
Rheinland-Pfalz,kompaktklasse,very_low,4.0,4009.0
Rheinland-Pfalz,kompaktklasse,low,8.0,4009.0
Rheinland-Pfalz,kompaktklasse,medium,22.0,4009.0
Rheinland-Pfalz,kompaktklasse,high,46.0,4009.0
Rheinland-Pfalz,kompaktklasse,very_high,19.0,4009.0
Baden-Wuerttemberg,kompaktklasse,very_low,3.0,10724.0
Baden-Wuerttemberg,kompaktklasse,low,6.0,10724.0
Baden-Wuerttemberg,kompaktklasse,medium,22.0,10724.0
Baden-Wuerttemberg,kompaktklasse,high,48.0,10724.0
Baden-Wuerttemberg,kompaktklasse,very_high,22.0,10724.0
Bayern,kompaktklasse,very_low,3.0,13143.0
Bayern,kompaktklasse,low,7.0,13143.0
Bayern,kompaktklasse,medium,24.0,13143.0
Bayern,kompaktklasse,high,44.0,13143.0
Bayern,kompaktklasse,very_high,22.0,13143.0
Saarland,kompaktklasse,very_low,4.0,1064.0
Saarland,kompaktklasse,low,9.0,1064.0
Saarland,kompaktklasse,medium,26.0,1064.0
Saarland,kompaktklasse,high,44.0,1064.0
Saarland,kompaktklasse,very_high,17.0,1064.0
Berlin,kompaktklasse,very_low,4.0,1874.0
Berlin,kompaktklasse,low,8.0,1874.0
Berlin,kompaktklasse,medium,27.0,1874.0
Berlin,kompaktklasse,high,43.0,1874.0
Berlin,kompaktklasse,very_high,18.0,1874.0
Brandenburg,kompaktklasse,very_low,5.0,2216.0
Brandenburg,kompaktklasse,low,11.0,2216.0
Brandenburg,kompaktklasse,medium,29.0,2216.0
Brandenburg,kompaktklasse,high,40.0,2216.0
Brandenburg,kompaktklasse,very_high,15.0,2216.0
Mecklenburg-Vorpommern,kompaktklasse,very_low,9.0,1364.0
Mecklenburg-Vorpommern,kompaktklasse,low,13.0,1364.0
Mecklenburg-Vorpommern,kompaktklasse,medium,27.0,1364.0
Mecklenburg-Vorpommern,kompaktklasse,high,42.0,1364.0
Mecklenburg-Vorpommern,kompaktklasse,very_high,9.0,1364.0
Sachsen,kompaktklasse,very_low,6.0,3677.0
Sachsen,kompaktklasse,low,14.0,3677.0
Sachsen,kompaktklasse,medium,29.0,3677.0
Sachsen,kompaktklasse,high,39.0,3677.0
Sachsen,kompaktklasse,very_high,11.0,3677.0
Sachsen-Anhalt,kompaktklasse,very_low,4.0,1916.0
Sachsen-Anhalt,kompaktklasse,low,10.0,1916.0
Sachsen-Anhalt,kompaktklasse,medium,31.0,1916.0
Sachsen-Anhalt,kompaktklasse,high,44.0,1916.0
Sachsen-Anhalt,kompaktklasse,very_high,10.0,1916.0
Thueringen,kompaktklasse,very_low,7.0,1964.0
Thueringen,kompaktklasse,low,13.0,1964.0
Thueringen,kompaktklasse,medium,33.0,1964.0
Thueringen,kompaktklasse,high,38.0,1964.0
Thueringen,kompaktklasse,very_high,9.0,1964.0
Schleswig-Holstein,mittelklasse,very_low,3.0,883.0
Schleswig-Holstein,mittelklasse,low,4.0,883.0
Schleswig-Holstein,mittelklasse,medium,18.0,883.0
Schleswig-Holstein,mittelklasse,high,42.0,883.0
Schleswig-Holstein,mittelklasse,very_high,33.0,883.0
Hamburg,mittelklasse,very_low,2.0,397.0
Hamburg,mittelklasse,low,7.0,397.0
Hamburg,mittelklasse,medium,15.0,397.0
Hamburg,mittelklasse,high,43.0,397.0
Hamburg,mittelklasse,very_high,34.0,397.0
Niedersachsen,mittelklasse,very_low,3.0,2874.0
Niedersachsen,mittelklasse,low,6.0,2874.0
Niedersachsen,mittelklasse,medium,21.0,2874.0
Niedersachsen,mittelklasse,high,50.0,2874.0
Niedersachsen,mittelklasse,very_high,20.0,2874.0
Bremen,mittelklasse,very_low,3.0,177.0
Bremen,mittelklasse,low,8.0,177.0
Bremen,mittelklasse,medium,25.0,177.0
Bremen,mittelklasse,high,42.0,177.0
Bremen,mittelklasse,very_high,23.0,177.0
Nordrhein-Westfalen,mittelklasse,very_low,3.0,5697.0
Nordrhein-Westfalen,mittelklasse,low,6.0,5697.0
Nordrhein-Westfalen,mittelklasse,medium,21.0,5697.0
Nordrhein-Westfalen,mittelklasse,high,46.0,5697.0
Nordrhein-Westfalen,mittelklasse,very_high,25.0,5697.0
Hessen,mittelklasse,very_low,3.0,1979.0
Hessen,mittelklasse,low,5.0,1979.0
Hessen,mittelklasse,medium,21.0,1979.0
Hessen,mittelklasse,high,43.0,1979.0
Hessen,mittelklasse,very_high,28.0,1979.0
Rheinland-Pfalz,mittelklasse,very_low,2.0,1536.0
Rheinland-Pfalz,mittelklasse,low,5.0,1536.0
Rheinland-Pfalz,mittelklasse,medium,21.0,1536.0
Rheinland-Pfalz,mittelklasse,high,49.0,1536.0
Rheinland-Pfalz,mittelklasse,very_high,22.0,1536.0
Baden-Wuerttemberg,mittelklasse,very_low,2.0,3899.0
Baden-Wuerttemberg,mittelklasse,low,5.0,3899.0
Baden-Wuerttemberg,mittelklasse,medium,19.0,3899.0
Baden-Wuerttemberg,mittelklasse,high,44.0,3899.0
Baden-Wuerttemberg,mittelklasse,very_high,30.0,3899.0
Bayern,mittelklasse,very_low,3.0,4706.0
Bayern,mittelklasse,low,5.0,4706.0
Bayern,mittelklasse,medium,21.0,4706.0
Bayern,mittelklasse,high,44.0,4706.0
Bayern,mittelklasse,very_high,27.0,4706.0
Saarland,mittelklasse,very_low,2.0,346.0
Saarland,mittelklasse,low,7.0,346.0
Saarland,mittelklasse,medium,25.0,346.0
Saarland,mittelklasse,high,43.0,346.0
Saarland,mittelklasse,very_high,23.0,346.0
Berlin,mittelklasse,very_low,3.0,585.0
Berlin,mittelklasse,low,6.0,585.0
Berlin,mittelklasse,medium,20.0,585.0
Berlin,mittelklasse,high,43.0,585.0
Berlin,mittelklasse,very_high,27.0,585.0
Brandenburg,mittelklasse,very_low,2.0,797.0
Brandenburg,mittelklasse,low,5.0,797.0
Brandenburg,mittelklasse,medium,25.0,797.0
Brandenburg,mittelklasse,high,47.0,797.0
Brandenburg,mittelklasse,very_high,21.0,797.0
Mecklenburg-Vorpommern,mittelklasse,very_low,4.0,517.0
Mecklenburg-Vorpommern,mittelklasse,low,6.0,517.0
Mecklenburg-Vorpommern,mittelklasse,medium,24.0,517.0
Mecklenburg-Vorpommern,mittelklasse,high,44.0,517.0
Mecklenburg-Vorpommern,mittelklasse,very_high,23.0,517.0
Sachsen,mittelklasse,very_low,5.0,1104.0
Sachsen,mittelklasse,low,11.0,1104.0
Sachsen,mittelklasse,medium,25.0,1104.0
Sachsen,mittelklasse,high,45.0,1104.0
Sachsen,mittelklasse,very_high,14.0,1104.0
Sachsen-Anhalt,mittelklasse,very_low,4.0,752.0
Sachsen-Anhalt,mittelklasse,low,8.0,752.0
Sachsen-Anhalt,mittelklasse,medium,22.0,752.0
Sachsen-Anhalt,mittelklasse,high,49.0,752.0
Sachsen-Anhalt,mittelklasse,very_high,17.0,752.0
Thueringen,mittelklasse,very_low,3.0,665.0
Thueringen,mittelklasse,low,9.0,665.0
Thueringen,mittelklasse,medium,26.0,665.0
Thueringen,mittelklasse,high,47.0,665.0
Thueringen,mittelklasse,very_high,15.0,665.0
Schleswig-Holstein,obere_mittelklasse,very_low,7.0,255.0
Schleswig-Holstein,obere_mittelklasse,low,4.0,255.0
Schleswig-Holstein,obere_mittelklasse,medium,17.0,255.0
Schleswig-Holstein,obere_mittelklasse,high,44.0,255.0
Schleswig-Holstein,obere_mittelklasse,very_high,28.0,255.0
Hamburg,obere_mittelklasse,very_low,3.0,125.0
Hamburg,obere_mittelklasse,low,4.0,125.0
Hamburg,obere_mittelklasse,medium,16.0,125.0
Hamburg,obere_mittelklasse,high,44.0,125.0
Hamburg,obere_mittelklasse,very_high,34.0,125.0
Niedersachsen,obere_mittelklasse,very_low,2.0,639.0
Niedersachsen,obere_mittelklasse,low,7.0,639.0
Niedersachsen,obere_mittelklasse,medium,16.0,639.0
Niedersachsen,obere_mittelklasse,high,47.0,639.0
Niedersachsen,obere_mittelklasse,very_high,28.0,639.0
Bremen,obere_mittelklasse,very_low,,30.0
Bremen,obere_mittelklasse,low,6.0,30.0
Bremen,obere_mittelklasse,medium,19.0,30.0
Bremen,obere_mittelklasse,high,49.0,30.0
Bremen,obere_mittelklasse,very_high,27.0,30.0
Nordrhein-Westfalen,obere_mittelklasse,very_low,2.0,1254.0
Nordrhein-Westfalen,obere_mittelklasse,low,5.0,1254.0
Nordrhein-Westfalen,obere_mittelklasse,medium,17.0,1254.0
Nordrhein-Westfalen,obere_mittelklasse,high,42.0,1254.0
Nordrhein-Westfalen,obere_mittelklasse,very_high,34.0,1254.0
Hessen,obere_mittelklasse,very_low,2.0,524.0
Hessen,obere_mittelklasse,low,3.0,524.0
Hessen,obere_mittelklasse,medium,17.0,524.0
Hessen,obere_mittelklasse,high,41.0,524.0
Hessen,obere_mittelklasse,very_high,37.0,524.0
Rheinland-Pfalz,obere_mittelklasse,very_low,3.0,302.0
Rheinland-Pfalz,obere_mittelklasse,low,2.0,302.0
Rheinland-Pfalz,obere_mittelklasse,medium,9.0,302.0
Rheinland-Pfalz,obere_mittelklasse,high,50.0,302.0
Rheinland-Pfalz,obere_mittelklasse,very_high,36.0,302.0
Baden-Wuerttemberg,obere_mittelklasse,very_low,0.0,1025.0
Baden-Wuerttemberg,obere_mittelklasse,low,3.0,1025.0
Baden-Wuerttemberg,obere_mittelklasse,medium,19.0,1025.0
Baden-Wuerttemberg,obere_mittelklasse,high,50.0,1025.0
Baden-Wuerttemberg,obere_mittelklasse,very_high,28.0,1025.0
Bayern,obere_mittelklasse,very_low,4.0,1050.0
Bayern,obere_mittelklasse,low,4.0,1050.0
Bayern,obere_mittelklasse,medium,13.0,1050.0
Bayern,obere_mittelklasse,high,45.0,1050.0
Bayern,obere_mittelklasse,very_high,34.0,1050.0
Saarland,obere_mittelklasse,very_low,2.0,56.0
Saarland,obere_mittelklasse,low,8.0,56.0
Saarland,obere_mittelklasse,medium,16.0,56.0
Saarland,obere_mittelklasse,high,47.0,56.0
Saarland,obere_mittelklasse,very_high,27.0,56.0
Berlin,obere_mittelklasse,very_low,5.0,154.0
Berlin,obere_mittelklasse,low,2.0,154.0
Berlin,obere_mittelklasse,medium,24.0,154.0
Berlin,obere_mittelklasse,high,43.0,154.0
Berlin,obere_mittelklasse,very_high,26.0,154.0
Brandenburg,obere_mittelklasse,very_low,4.0,259.0
Brandenburg,obere_mittelklasse,low,6.0,259.0
Brandenburg,obere_mittelklasse,medium,26.0,259.0
Brandenburg,obere_mittelklasse,high,41.0,259.0
Brandenburg,obere_mittelklasse,very_high,24.0,259.0
Mecklenburg-Vorpommern,obere_mittelklasse,very_low,3.0,100.0
Mecklenburg-Vorpommern,obere_mittelklasse,low,3.0,100.0
Mecklenburg-Vorpommern,obere_mittelklasse,medium,15.0,100.0
Mecklenburg-Vorpommern,obere_mittelklasse,high,56.0,100.0
Mecklenburg-Vorpommern,obere_mittelklasse,very_high,23.0,100.0
Sachsen,obere_mittelklasse,very_low,2.0,274.0
Sachsen,obere_mittelklasse,low,2.0,274.0
Sachsen,obere_mittelklasse,medium,15.0,274.0
Sachsen,obere_mittelklasse,high,61.0,274.0
Sachsen,obere_mittelklasse,very_high,21.0,274.0
Sachsen-Anhalt,obere_mittelklasse,very_low,,165.0
Sachsen-Anhalt,obere_mittelklasse,low,4.0,165.0
Sachsen-Anhalt,obere_mittelklasse,medium,20.0,165.0
Sachsen-Anhalt,obere_mittelklasse,high,47.0,165.0
Sachsen-Anhalt,obere_mittelklasse,very_high,28.0,165.0
Thueringen,obere_mittelklasse,very_low,,87.0
Thueringen,obere_mittelklasse,low,10.0,87.0
Thueringen,obere_mittelklasse,medium,22.0,87.0
Thueringen,obere_mittelklasse,high,52.0,87.0
Thueringen,obere_mittelklasse,very_high,16.0,87.0
Schleswig-Holstein,oberklasse,very_low,,57.0
Schleswig-Holstein,oberklasse,low,2.0,57.0
Schleswig-Holstein,oberklasse,medium,30.0,57.0
Schleswig-Holstein,oberklasse,high,45.0,57.0
Schleswig-Holstein,oberklasse,very_high,23.0,57.0
Hamburg,oberklasse,very_low,1.0,35.0
Hamburg,oberklasse,low,4.0,35.0
Hamburg,oberklasse,medium,19.0,35.0
Hamburg,oberklasse,high,34.0,35.0
Hamburg,oberklasse,very_high,42.0,35.0
Niedersachsen,oberklasse,very_low,1.0,186.0
Niedersachsen,oberklasse,low,7.0,186.0
Niedersachsen,oberklasse,medium,23.0,186.0
Niedersachsen,oberklasse,high,26.0,186.0
Niedersachsen,oberklasse,very_high,43.0,186.0
Bremen,oberklasse,very_low,,9.0
Bremen,oberklasse,low,,9.0
Bremen,oberklasse,medium,,9.0
Bremen,oberklasse,high,,9.0
Bremen,oberklasse,very_high,,9.0
Nordrhein-Westfalen,oberklasse,very_low,5.0,368.0
Nordrhein-Westfalen,oberklasse,low,3.0,368.0
Nordrhein-Westfalen,oberklasse,medium,21.0,368.0
Nordrhein-Westfalen,oberklasse,high,42.0,368.0
Nordrhein-Westfalen,oberklasse,very_high,29.0,368.0
Hessen,oberklasse,very_low,3.0,172.0
Hessen,oberklasse,low,1.0,172.0
Hessen,oberklasse,medium,20.0,172.0
Hessen,oberklasse,high,38.0,172.0
Hessen,oberklasse,very_high,38.0,172.0
Rheinland-Pfalz,oberklasse,very_low,0.0,150.0
Rheinland-Pfalz,oberklasse,low,2.0,150.0
Rheinland-Pfalz,oberklasse,medium,33.0,150.0
Rheinland-Pfalz,oberklasse,high,37.0,150.0
Rheinland-Pfalz,oberklasse,very_high,27.0,150.0
Baden-Wuerttemberg,oberklasse,very_low,6.0,310.0
Baden-Wuerttemberg,oberklasse,low,2.0,310.0
Baden-Wuerttemberg,oberklasse,medium,13.0,310.0
Baden-Wuerttemberg,oberklasse,high,47.0,310.0
Baden-Wuerttemberg,oberklasse,very_high,32.0,310.0
Bayern,oberklasse,very_low,3.0,320.0
Bayern,oberklasse,low,5.0,320.0
Bayern,oberklasse,medium,11.0,320.0
Bayern,oberklasse,high,45.0,320.0
Bayern,oberklasse,very_high,35.0,320.0
Saarland,oberklasse,very_low,,21.0
Saarland,oberklasse,low,6.0,21.0
Saarland,oberklasse,medium,22.0,21.0
Saarland,oberklasse,high,46.0,21.0
Saarland,oberklasse,very_high,26.0,21.0
Berlin,oberklasse,very_low,,43.0
Berlin,oberklasse,low,,43.0
Berlin,oberklasse,medium,,43.0
Berlin,oberklasse,high,,43.0
Berlin,oberklasse,very_high,,43.0
Brandenburg,oberklasse,very_low,,36.0
Brandenburg,oberklasse,low,,36.0
Brandenburg,oberklasse,medium,,36.0
Brandenburg,oberklasse,high,,36.0
Brandenburg,oberklasse,very_high,,36.0
Mecklenburg-Vorpommern,oberklasse,very_low,,26.0
Mecklenburg-Vorpommern,oberklasse,low,,26.0
Mecklenburg-Vorpommern,oberklasse,medium,,26.0
Mecklenburg-Vorpommern,oberklasse,high,,26.0
Mecklenburg-Vorpommern,oberklasse,very_high,,26.0
Sachsen,oberklasse,very_low,,71.0
Sachsen,oberklasse,low,,71.0
Sachsen,oberklasse,medium,,71.0
Sachsen,oberklasse,high,,71.0
Sachsen,oberklasse,very_high,,71.0
Sachsen-Anhalt,oberklasse,very_low,,44.0
Sachsen-Anhalt,oberklasse,low,,44.0
Sachsen-Anhalt,oberklasse,medium,,44.0
Sachsen-Anhalt,oberklasse,high,,44.0
Sachsen-Anhalt,oberklasse,very_high,,44.0
Thueringen,oberklasse,very_low,,40.0
Thueringen,oberklasse,low,,40.0
Thueringen,oberklasse,medium,,40.0
Thueringen,oberklasse,high,,40.0
Thueringen,oberklasse,very_high,,40.0
Schleswig-Holstein,suv,very_low,2.0,1486.0
Schleswig-Holstein,suv,low,5.0,1486.0
Schleswig-Holstein,suv,medium,24.0,1486.0
Schleswig-Holstein,suv,high,46.0,1486.0
Schleswig-Holstein,suv,very_high,24.0,1486.0
Hamburg,suv,very_low,1.0,526.0
Hamburg,suv,low,5.0,526.0
Hamburg,suv,medium,22.0,526.0
Hamburg,suv,high,40.0,526.0
Hamburg,suv,very_high,32.0,526.0
Niedersachsen,suv,very_low,4.0,4138.0
Niedersachsen,suv,low,6.0,4138.0
Niedersachsen,suv,medium,25.0,4138.0
Niedersachsen,suv,high,45.0,4138.0
Niedersachsen,suv,very_high,20.0,4138.0
Bremen,suv,very_low,1.0,191.0
Bremen,suv,low,9.0,191.0
Bremen,suv,medium,19.0,191.0
Bremen,suv,high,46.0,191.0
Bremen,suv,very_high,26.0,191.0
Nordrhein-Westfalen,suv,very_low,2.0,9229.0
Nordrhein-Westfalen,suv,low,7.0,9229.0
Nordrhein-Westfalen,suv,medium,25.0,9229.0
Nordrhein-Westfalen,suv,high,44.0,9229.0
Nordrhein-Westfalen,suv,very_high,21.0,9229.0
Hessen,suv,very_low,3.0,3132.0
Hessen,suv,low,7.0,3132.0
Hessen,suv,medium,23.0,3132.0
Hessen,suv,high,45.0,3132.0
Hessen,suv,very_high,23.0,3132.0
Rheinland-Pfalz,suv,very_low,3.0,2365.0
Rheinland-Pfalz,suv,low,7.0,2365.0
Rheinland-Pfalz,suv,medium,27.0,2365.0
Rheinland-Pfalz,suv,high,43.0,2365.0
Rheinland-Pfalz,suv,very_high,20.0,2365.0
Baden-Wuerttemberg,suv,very_low,2.0,5392.0
Baden-Wuerttemberg,suv,low,6.0,5392.0
Baden-Wuerttemberg,suv,medium,24.0,5392.0
Baden-Wuerttemberg,suv,high,44.0,5392.0
Baden-Wuerttemberg,suv,very_high,24.0,5392.0
Bayern,suv,very_low,3.0,6778.0
Bayern,suv,low,8.0,6778.0
Bayern,suv,medium,23.0,6778.0
Bayern,suv,high,42.0,6778.0
Bayern,suv,very_high,24.0,6778.0
Saarland,suv,very_low,6.0,590.0
Saarland,suv,low,8.0,590.0
Saarland,suv,medium,26.0,590.0
Saarland,suv,high,45.0,590.0
Saarland,suv,very_high,15.0,590.0
Berlin,suv,very_low,2.0,908.0
Berlin,suv,low,8.0,908.0
Berlin,suv,medium,25.0,908.0
Berlin,suv,high,44.0,908.0
Berlin,suv,very_high,20.0,908.0
Brandenburg,suv,very_low,4.0,1361.0
Brandenburg,suv,low,11.0,1361.0
Brandenburg,suv,medium,32.0,1361.0
Brandenburg,suv,high,40.0,1361.0
Brandenburg,suv,very_high,13.0,1361.0
Mecklenburg-Vorpommern,suv,very_low,10.0,1042.0
Mecklenburg-Vorpommern,suv,low,15.0,1042.0
Mecklenburg-Vorpommern,suv,medium,32.0,1042.0
Mecklenburg-Vorpommern,suv,high,32.0,1042.0
Mecklenburg-Vorpommern,suv,very_high,11.0,1042.0
Sachsen,suv,very_low,4.0,1696.0
Sachsen,suv,low,19.0,1696.0
Sachsen,suv,medium,29.0,1696.0
Sachsen,suv,high,38.0,1696.0
Sachsen,suv,very_high,9.0,1696.0
Sachsen-Anhalt,suv,very_low,6.0,1226.0
Sachsen-Anhalt,suv,low,12.0,1226.0
Sachsen-Anhalt,suv,medium,27.0,1226.0
Sachsen-Anhalt,suv,high,44.0,1226.0
Sachsen-Anhalt,suv,very_high,11.0,1226.0
Thueringen,suv,very_low,6.0,1343.0
Thueringen,suv,low,13.0,1343.0
Thueringen,suv,medium,33.0,1343.0
Thueringen,suv,high,35.0,1343.0
Thueringen,suv,very_high,13.0,1343.0
Schleswig-Holstein,gelaendewagen,very_low,1.0,46.0
Schleswig-Holstein,gelaendewagen,low,1.0,46.0
Schleswig-Holstein,gelaendewagen,medium,22.0,46.0
Schleswig-Holstein,gelaendewagen,high,44.0,46.0
Schleswig-Holstein,gelaendewagen,very_high,32.0,46.0
Hamburg,gelaendewagen,very_low,,24.0
Hamburg,gelaendewagen,low,0.0,24.0
Hamburg,gelaendewagen,medium,21.0,24.0
Hamburg,gelaendewagen,high,37.0,24.0
Hamburg,gelaendewagen,very_high,42.0,24.0
Niedersachsen,gelaendewagen,very_low,,214.0
Niedersachsen,gelaendewagen,low,6.0,214.0
Niedersachsen,gelaendewagen,medium,40.0,214.0
Niedersachsen,gelaendewagen,high,34.0,214.0
Niedersachsen,gelaendewagen,very_high,20.0,214.0
Bremen,gelaendewagen,very_low,,7.0
Bremen,gelaendewagen,low,,7.0
Bremen,gelaendewagen,medium,,7.0
Bremen,gelaendewagen,high,,7.0
Bremen,gelaendewagen,very_high,,7.0
Nordrhein-Westfalen,gelaendewagen,very_low,2.0,463.0
Nordrhein-Westfalen,gelaendewagen,low,5.0,463.0
Nordrhein-Westfalen,gelaendewagen,medium,31.0,463.0
Nordrhein-Westfalen,gelaendewagen,high,39.0,463.0
Nordrhein-Westfalen,gelaendewagen,very_high,23.0,463.0
Hessen,gelaendewagen,very_low,3.0,158.0
Hessen,gelaendewagen,low,9.0,158.0
Hessen,gelaendewagen,medium,22.0,158.0
Hessen,gelaendewagen,high,41.0,158.0
Hessen,gelaendewagen,very_high,24.0,158.0
Rheinland-Pfalz,gelaendewagen,very_low,3.0,167.0
Rheinland-Pfalz,gelaendewagen,low,7.0,167.0
Rheinland-Pfalz,gelaendewagen,medium,19.0,167.0
Rheinland-Pfalz,gelaendewagen,high,42.0,167.0
Rheinland-Pfalz,gelaendewagen,very_high,28.0,167.0
Baden-Wuerttemberg,gelaendewagen,very_low,3.0,277.0
Baden-Wuerttemberg,gelaendewagen,low,4.0,277.0
Baden-Wuerttemberg,gelaendewagen,medium,24.0,277.0
Baden-Wuerttemberg,gelaendewagen,high,49.0,277.0
Baden-Wuerttemberg,gelaendewagen,very_high,19.0,277.0
Bayern,gelaendewagen,very_low,4.0,390.0
Bayern,gelaendewagen,low,9.0,390.0
Bayern,gelaendewagen,medium,17.0,390.0
Bayern,gelaendewagen,high,49.0,390.0
Bayern,gelaendewagen,very_high,21.0,390.0
Saarland,gelaendewagen,very_low,1.0,33.0
Saarland,gelaendewagen,low,13.0,33.0
Saarland,gelaendewagen,medium,28.0,33.0
Saarland,gelaendewagen,high,44.0,33.0
Saarland,gelaendewagen,very_high,14.0,33.0
Berlin,gelaendewagen,very_low,,21.0
Berlin,gelaendewagen,low,,21.0
Berlin,gelaendewagen,medium,,21.0
Berlin,gelaendewagen,high,,21.0
Berlin,gelaendewagen,very_high,,21.0
Brandenburg,gelaendewagen,very_low,0.0,81.0
Brandenburg,gelaendewagen,low,3.0,81.0
Brandenburg,gelaendewagen,medium,28.0,81.0
Brandenburg,gelaendewagen,high,61.0,81.0
Brandenburg,gelaendewagen,very_high,7.0,81.0
Mecklenburg-Vorpommern,gelaendewagen,very_low,,50.0
Mecklenburg-Vorpommern,gelaendewagen,low,,50.0
Mecklenburg-Vorpommern,gelaendewagen,medium,,50.0
Mecklenburg-Vorpommern,gelaendewagen,high,,50.0
Mecklenburg-Vorpommern,gelaendewagen,very_high,,50.0
Sachsen,gelaendewagen,very_low,,93.0
Sachsen,gelaendewagen,low,,93.0
Sachsen,gelaendewagen,medium,,93.0
Sachsen,gelaendewagen,high,,93.0
Sachsen,gelaendewagen,very_high,,93.0
Sachsen-Anhalt,gelaendewagen,very_low,,17.0
Sachsen-Anhalt,gelaendewagen,low,,17.0
Sachsen-Anhalt,gelaendewagen,medium,,17.0
Sachsen-Anhalt,gelaendewagen,high,,17.0
Sachsen-Anhalt,gelaendewagen,very_high,,17.0
Thueringen,gelaendewagen,very_low,,58.0
Thueringen,gelaendewagen,low,17.0,58.0
Thueringen,gelaendewagen,medium,30.0,58.0
Thueringen,gelaendewagen,high,51.0,58.0
Thueringen,gelaendewagen,very_high,2.0,58.0
Schleswig-Holstein,sportwagen,very_low,1.0,276.0
Schleswig-Holstein,sportwagen,low,16.0,276.0
Schleswig-Holstein,sportwagen,medium,21.0,276.0
Schleswig-Holstein,sportwagen,high,40.0,276.0
Schleswig-Holstein,sportwagen,very_high,21.0,276.0
Hamburg,sportwagen,very_low,4.0,141.0
Hamburg,sportwagen,low,9.0,141.0
Hamburg,sportwagen,medium,26.0,141.0
Hamburg,sportwagen,high,38.0,141.0
Hamburg,sportwagen,very_high,23.0,141.0
Niedersachsen,sportwagen,very_low,3.0,713.0
Niedersachsen,sportwagen,low,10.0,713.0
Niedersachsen,sportwagen,medium,34.0,713.0
Niedersachsen,sportwagen,high,40.0,713.0
Niedersachsen,sportwagen,very_high,13.0,713.0
Bremen,sportwagen,very_low,2.0,48.0
Bremen,sportwagen,low,,48.0
Bremen,sportwagen,medium,25.0,48.0
Bremen,sportwagen,high,67.0,48.0
Bremen,sportwagen,very_high,6.0,48.0
Nordrhein-Westfalen,sportwagen,very_low,5.0,1984.0
Nordrhein-Westfalen,sportwagen,low,11.0,1984.0
Nordrhein-Westfalen,sportwagen,medium,32.0,1984.0
Nordrhein-Westfalen,sportwagen,high,33.0,1984.0
Nordrhein-Westfalen,sportwagen,very_high,19.0,1984.0
Hessen,sportwagen,very_low,3.0,644.0
Hessen,sportwagen,low,11.0,644.0
Hessen,sportwagen,medium,30.0,644.0
Hessen,sportwagen,high,36.0,644.0
Hessen,sportwagen,very_high,20.0,644.0
Rheinland-Pfalz,sportwagen,very_low,4.0,524.0
Rheinland-Pfalz,sportwagen,low,10.0,524.0
Rheinland-Pfalz,sportwagen,medium,26.0,524.0
Rheinland-Pfalz,sportwagen,high,41.0,524.0
Rheinland-Pfalz,sportwagen,very_high,18.0,524.0
Baden-Wuerttemberg,sportwagen,very_low,4.0,1177.0
Baden-Wuerttemberg,sportwagen,low,5.0,1177.0
Baden-Wuerttemberg,sportwagen,medium,32.0,1177.0
Baden-Wuerttemberg,sportwagen,high,38.0,1177.0
Baden-Wuerttemberg,sportwagen,very_high,21.0,1177.0
Bayern,sportwagen,very_low,3.0,1345.0
Bayern,sportwagen,low,6.0,1345.0
Bayern,sportwagen,medium,30.0,1345.0
Bayern,sportwagen,high,34.0,1345.0
Bayern,sportwagen,very_high,26.0,1345.0
Saarland,sportwagen,very_low,5.0,119.0
Saarland,sportwagen,low,11.0,119.0
Saarland,sportwagen,medium,34.0,119.0
Saarland,sportwagen,high,37.0,119.0
Saarland,sportwagen,very_high,13.0,119.0
Berlin,sportwagen,very_low,,118.0
Berlin,sportwagen,low,15.0,118.0
Berlin,sportwagen,medium,30.0,118.0
Berlin,sportwagen,high,38.0,118.0
Berlin,sportwagen,very_high,17.0,118.0
Brandenburg,sportwagen,very_low,11.0,229.0
Brandenburg,sportwagen,low,10.0,229.0
Brandenburg,sportwagen,medium,43.0,229.0
Brandenburg,sportwagen,high,24.0,229.0
Brandenburg,sportwagen,very_high,12.0,229.0
Mecklenburg-Vorpommern,sportwagen,very_low,6.0,103.0
Mecklenburg-Vorpommern,sportwagen,low,15.0,103.0
Mecklenburg-Vorpommern,sportwagen,medium,33.0,103.0
Mecklenburg-Vorpommern,sportwagen,high,31.0,103.0
Mecklenburg-Vorpommern,sportwagen,very_high,15.0,103.0
Sachsen,sportwagen,very_low,2.0,227.0
Sachsen,sportwagen,low,23.0,227.0
Sachsen,sportwagen,medium,42.0,227.0
Sachsen,sportwagen,high,26.0,227.0
Sachsen,sportwagen,very_high,7.0,227.0
Sachsen-Anhalt,sportwagen,very_low,15.0,178.0
Sachsen-Anhalt,sportwagen,low,22.0,178.0
Sachsen-Anhalt,sportwagen,medium,30.0,178.0
Sachsen-Anhalt,sportwagen,high,32.0,178.0
Sachsen-Anhalt,sportwagen,very_high,2.0,178.0
Thueringen,sportwagen,very_low,2.0,110.0
Thueringen,sportwagen,low,36.0,110.0
Thueringen,sportwagen,medium,25.0,110.0
Thueringen,sportwagen,high,19.0,110.0
Thueringen,sportwagen,very_high,17.0,110.0
Schleswig-Holstein,mini_vans,very_low,2.0,460.0
Schleswig-Holstein,mini_vans,low,10.0,460.0
Schleswig-Holstein,mini_vans,medium,47.0,460.0
Schleswig-Holstein,mini_vans,high,31.0,460.0
Schleswig-Holstein,mini_vans,very_high,11.0,460.0
Hamburg,mini_vans,very_low,3.0,155.0
Hamburg,mini_vans,low,10.0,155.0
Hamburg,mini_vans,medium,30.0,155.0
Hamburg,mini_vans,high,37.0,155.0
Hamburg,mini_vans,very_high,20.0,155.0
Niedersachsen,mini_vans,very_low,6.0,1183.0
Niedersachsen,mini_vans,low,14.0,1183.0
Niedersachsen,mini_vans,medium,35.0,1183.0
Niedersachsen,mini_vans,high,36.0,1183.0
Niedersachsen,mini_vans,very_high,9.0,1183.0
Bremen,mini_vans,very_low,,68.0
Bremen,mini_vans,low,16.0,68.0
Bremen,mini_vans,medium,44.0,68.0
Bremen,mini_vans,high,36.0,68.0
Bremen,mini_vans,very_high,4.0,68.0
Nordrhein-Westfalen,mini_vans,very_low,6.0,2637.0
Nordrhein-Westfalen,mini_vans,low,12.0,2637.0
Nordrhein-Westfalen,mini_vans,medium,34.0,2637.0
Nordrhein-Westfalen,mini_vans,high,36.0,2637.0
Nordrhein-Westfalen,mini_vans,very_high,13.0,2637.0
Hessen,mini_vans,very_low,5.0,956.0
Hessen,mini_vans,low,9.0,956.0
Hessen,mini_vans,medium,29.0,956.0
Hessen,mini_vans,high,43.0,956.0
Hessen,mini_vans,very_high,13.0,956.0
Rheinland-Pfalz,mini_vans,very_low,4.0,693.0
Rheinland-Pfalz,mini_vans,low,10.0,693.0
Rheinland-Pfalz,mini_vans,medium,37.0,693.0
Rheinland-Pfalz,mini_vans,high,38.0,693.0
Rheinland-Pfalz,mini_vans,very_high,11.0,693.0
Baden-Wuerttemberg,mini_vans,very_low,4.0,1737.0
Baden-Wuerttemberg,mini_vans,low,15.0,1737.0
Baden-Wuerttemberg,mini_vans,medium,26.0,1737.0
Baden-Wuerttemberg,mini_vans,high,39.0,1737.0
Baden-Wuerttemberg,mini_vans,very_high,15.0,1737.0
Bayern,mini_vans,very_low,7.0,1807.0
Bayern,mini_vans,low,12.0,1807.0
Bayern,mini_vans,medium,30.0,1807.0
Bayern,mini_vans,high,38.0,1807.0
Bayern,mini_vans,very_high,13.0,1807.0
Saarland,mini_vans,very_low,8.0,162.0
Saarland,mini_vans,low,10.0,162.0
Saarland,mini_vans,medium,33.0,162.0
Saarland,mini_vans,high,41.0,162.0
Saarland,mini_vans,very_high,10.0,162.0
Berlin,mini_vans,very_low,4.0,291.0
Berlin,mini_vans,low,19.0,291.0
Berlin,mini_vans,medium,39.0,291.0
Berlin,mini_vans,high,24.0,291.0
Berlin,mini_vans,very_high,14.0,291.0
Brandenburg,mini_vans,very_low,8.0,506.0
Brandenburg,mini_vans,low,11.0,506.0
Brandenburg,mini_vans,medium,32.0,506.0
Brandenburg,mini_vans,high,32.0,506.0
Brandenburg,mini_vans,very_high,18.0,506.0
Mecklenburg-Vorpommern,mini_vans,very_low,13.0,209.0
Mecklenburg-Vorpommern,mini_vans,low,12.0,209.0
Mecklenburg-Vorpommern,mini_vans,medium,52.0,209.0
Mecklenburg-Vorpommern,mini_vans,high,19.0,209.0
Mecklenburg-Vorpommern,mini_vans,very_high,4.0,209.0
Sachsen,mini_vans,very_low,4.0,524.0
Sachsen,mini_vans,low,24.0,524.0
Sachsen,mini_vans,medium,31.0,524.0
Sachsen,mini_vans,high,35.0,524.0
Sachsen,mini_vans,very_high,6.0,524.0
Sachsen-Anhalt,mini_vans,very_low,6.0,296.0
Sachsen-Anhalt,mini_vans,low,10.0,296.0
Sachsen-Anhalt,mini_vans,medium,46.0,296.0
Sachsen-Anhalt,mini_vans,high,30.0,296.0
Sachsen-Anhalt,mini_vans,very_high,7.0,296.0
Thueringen,mini_vans,very_low,7.0,314.0
Thueringen,mini_vans,low,26.0,314.0
Thueringen,mini_vans,medium,33.0,314.0
Thueringen,mini_vans,high,24.0,314.0
Thueringen,mini_vans,very_high,11.0,314.0
Schleswig-Holstein,grossraum_vans,very_low,10.0,381.0
Schleswig-Holstein,grossraum_vans,low,10.0,381.0
Schleswig-Holstein,grossraum_vans,medium,21.0,381.0
Schleswig-Holstein,grossraum_vans,high,39.0,381.0
Schleswig-Holstein,grossraum_vans,very_high,20.0,381.0
Hamburg,grossraum_vans,very_low,2.0,179.0
Hamburg,grossraum_vans,low,4.0,179.0
Hamburg,grossraum_vans,medium,24.0,179.0
Hamburg,grossraum_vans,high,38.0,179.0
Hamburg,grossraum_vans,very_high,33.0,179.0
Niedersachsen,grossraum_vans,very_low,4.0,1151.0
Niedersachsen,grossraum_vans,low,8.0,1151.0
Niedersachsen,grossraum_vans,medium,33.0,1151.0
Niedersachsen,grossraum_vans,high,37.0,1151.0
Niedersachsen,grossraum_vans,very_high,19.0,1151.0
Bremen,grossraum_vans,very_low,12.0,106.0
Bremen,grossraum_vans,low,7.0,106.0
Bremen,grossraum_vans,medium,44.0,106.0
Bremen,grossraum_vans,high,28.0,106.0
Bremen,grossraum_vans,very_high,10.0,106.0
Nordrhein-Westfalen,grossraum_vans,very_low,3.0,2079.0
Nordrhein-Westfalen,grossraum_vans,low,8.0,2079.0
Nordrhein-Westfalen,grossraum_vans,medium,26.0,2079.0
Nordrhein-Westfalen,grossraum_vans,high,43.0,2079.0
Nordrhein-Westfalen,grossraum_vans,very_high,19.0,2079.0
Hessen,grossraum_vans,very_low,4.0,718.0
Hessen,grossraum_vans,low,4.0,718.0
Hessen,grossraum_vans,medium,26.0,718.0
Hessen,grossraum_vans,high,43.0,718.0
Hessen,grossraum_vans,very_high,23.0,718.0
Rheinland-Pfalz,grossraum_vans,very_low,3.0,547.0
Rheinland-Pfalz,grossraum_vans,low,6.0,547.0
Rheinland-Pfalz,grossraum_vans,medium,24.0,547.0
Rheinland-Pfalz,grossraum_vans,high,48.0,547.0
Rheinland-Pfalz,grossraum_vans,very_high,19.0,547.0
Baden-Wuerttemberg,grossraum_vans,very_low,3.0,1604.0
Baden-Wuerttemberg,grossraum_vans,low,5.0,1604.0
Baden-Wuerttemberg,grossraum_vans,medium,28.0,1604.0
Baden-Wuerttemberg,grossraum_vans,high,41.0,1604.0
Baden-Wuerttemberg,grossraum_vans,very_high,23.0,1604.0
Bayern,grossraum_vans,very_low,2.0,1991.0
Bayern,grossraum_vans,low,6.0,1991.0
Bayern,grossraum_vans,medium,26.0,1991.0
Bayern,grossraum_vans,high,43.0,1991.0
Bayern,grossraum_vans,very_high,23.0,1991.0
Saarland,grossraum_vans,very_low,4.0,113.0
Saarland,grossraum_vans,low,4.0,113.0
Saarland,grossraum_vans,medium,31.0,113.0
Saarland,grossraum_vans,high,40.0,113.0
Saarland,grossraum_vans,very_high,21.0,113.0
Berlin,grossraum_vans,very_low,7.0,278.0
Berlin,grossraum_vans,low,1.0,278.0
Berlin,grossraum_vans,medium,25.0,278.0
Berlin,grossraum_vans,high,47.0,278.0
Berlin,grossraum_vans,very_high,20.0,278.0
Brandenburg,grossraum_vans,very_low,8.0,343.0
Brandenburg,grossraum_vans,low,7.0,343.0
Brandenburg,grossraum_vans,medium,29.0,343.0
Brandenburg,grossraum_vans,high,38.0,343.0
Brandenburg,grossraum_vans,very_high,18.0,343.0
Mecklenburg-Vorpommern,grossraum_vans,very_low,3.0,205.0
Mecklenburg-Vorpommern,grossraum_vans,low,14.0,205.0
Mecklenburg-Vorpommern,grossraum_vans,medium,42.0,205.0
Mecklenburg-Vorpommern,grossraum_vans,high,35.0,205.0
Mecklenburg-Vorpommern,grossraum_vans,very_high,6.0,205.0
Sachsen,grossraum_vans,very_low,4.0,497.0
Sachsen,grossraum_vans,low,14.0,497.0
Sachsen,grossraum_vans,medium,21.0,497.0
Sachsen,grossraum_vans,high,54.0,497.0
Sachsen,grossraum_vans,very_high,6.0,497.0
Sachsen-Anhalt,grossraum_vans,very_low,8.0,195.0
Sachsen-Anhalt,grossraum_vans,low,4.0,195.0
Sachsen-Anhalt,grossraum_vans,medium,27.0,195.0
Sachsen-Anhalt,grossraum_vans,high,49.0,195.0
Sachsen-Anhalt,grossraum_vans,very_high,12.0,195.0
Thueringen,grossraum_vans,very_low,3.0,205.0
Thueringen,grossraum_vans,low,8.0,205.0
Thueringen,grossraum_vans,medium,36.0,205.0
Thueringen,grossraum_vans,high,36.0,205.0
Thueringen,grossraum_vans,very_high,18.0,205.0
Schleswig-Holstein,utilities,very_low,4.0,1028.0
Schleswig-Holstein,utilities,low,10.0,1028.0
Schleswig-Holstein,utilities,medium,30.0,1028.0
Schleswig-Holstein,utilities,high,37.0,1028.0
Schleswig-Holstein,utilities,very_high,19.0,1028.0
Hamburg,utilities,very_low,6.0,382.0
Hamburg,utilities,low,6.0,382.0
Hamburg,utilities,medium,27.0,382.0
Hamburg,utilities,high,36.0,382.0
Hamburg,utilities,very_high,26.0,382.0
Niedersachsen,utilities,very_low,6.0,2855.0
Niedersachsen,utilities,low,8.0,2855.0
Niedersachsen,utilities,medium,28.0,2855.0
Niedersachsen,utilities,high,41.0,2855.0
Niedersachsen,utilities,very_high,17.0,2855.0
Bremen,utilities,very_low,4.0,147.0
Bremen,utilities,low,11.0,147.0
Bremen,utilities,medium,24.0,147.0
Bremen,utilities,high,37.0,147.0
Bremen,utilities,very_high,24.0,147.0
Nordrhein-Westfalen,utilities,very_low,3.0,4386.0
Nordrhein-Westfalen,utilities,low,8.0,4386.0
Nordrhein-Westfalen,utilities,medium,30.0,4386.0
Nordrhein-Westfalen,utilities,high,42.0,4386.0
Nordrhein-Westfalen,utilities,very_high,17.0,4386.0
Hessen,utilities,very_low,5.0,1622.0
Hessen,utilities,low,7.0,1622.0
Hessen,utilities,medium,30.0,1622.0
Hessen,utilities,high,40.0,1622.0
Hessen,utilities,very_high,17.0,1622.0
Rheinland-Pfalz,utilities,very_low,4.0,1009.0
Rheinland-Pfalz,utilities,low,4.0,1009.0
Rheinland-Pfalz,utilities,medium,29.0,1009.0
Rheinland-Pfalz,utilities,high,45.0,1009.0
Rheinland-Pfalz,utilities,very_high,17.0,1009.0
Baden-Wuerttemberg,utilities,very_low,3.0,3178.0
Baden-Wuerttemberg,utilities,low,8.0,3178.0
Baden-Wuerttemberg,utilities,medium,23.0,3178.0
Baden-Wuerttemberg,utilities,high,46.0,3178.0
Baden-Wuerttemberg,utilities,very_high,20.0,3178.0
Bayern,utilities,very_low,3.0,4138.0
Bayern,utilities,low,7.0,4138.0
Bayern,utilities,medium,27.0,4138.0
Bayern,utilities,high,41.0,4138.0
Bayern,utilities,very_high,23.0,4138.0
Saarland,utilities,very_low,7.0,237.0
Saarland,utilities,low,8.0,237.0
Saarland,utilities,medium,27.0,237.0
Saarland,utilities,high,40.0,237.0
Saarland,utilities,very_high,18.0,237.0
Berlin,utilities,very_low,6.0,527.0
Berlin,utilities,low,10.0,527.0
Berlin,utilities,medium,29.0,527.0
Berlin,utilities,high,40.0,527.0
Berlin,utilities,very_high,15.0,527.0
Brandenburg,utilities,very_low,5.0,623.0
Brandenburg,utilities,low,10.0,623.0
Brandenburg,utilities,medium,25.0,623.0
Brandenburg,utilities,high,42.0,623.0
Brandenburg,utilities,very_high,18.0,623.0
Mecklenburg-Vorpommern,utilities,very_low,3.0,484.0
Mecklenburg-Vorpommern,utilities,low,4.0,484.0
Mecklenburg-Vorpommern,utilities,medium,35.0,484.0
Mecklenburg-Vorpommern,utilities,high,40.0,484.0
Mecklenburg-Vorpommern,utilities,very_high,17.0,484.0
Sachsen,utilities,very_low,5.0,1199.0
Sachsen,utilities,low,12.0,1199.0
Sachsen,utilities,medium,34.0,1199.0
Sachsen,utilities,high,39.0,1199.0
Sachsen,utilities,very_high,10.0,1199.0
Sachsen-Anhalt,utilities,very_low,8.0,517.0
Sachsen-Anhalt,utilities,low,10.0,517.0
Sachsen-Anhalt,utilities,medium,32.0,517.0
Sachsen-Anhalt,utilities,high,40.0,517.0
Sachsen-Anhalt,utilities,very_high,10.0,517.0
Thueringen,utilities,very_low,6.0,631.0
Thueringen,utilities,low,19.0,631.0
Thueringen,utilities,medium,31.0,631.0
Thueringen,utilities,high,31.0,631.0
Thueringen,utilities,very_high,12.0,631.0
Schleswig-Holstein,sonstige,very_low,,31.0
Schleswig-Holstein,sonstige,low,,31.0
Schleswig-Holstein,sonstige,medium,,31.0
Schleswig-Holstein,sonstige,high,,31.0
Schleswig-Holstein,sonstige,very_high,,31.0
Hamburg,sonstige,very_low,,15.0
Hamburg,sonstige,low,,15.0
Hamburg,sonstige,medium,,15.0
Hamburg,sonstige,high,,15.0
Hamburg,sonstige,very_high,,15.0
Niedersachsen,sonstige,very_low,1.0,189.0
Niedersachsen,sonstige,low,4.0,189.0
Niedersachsen,sonstige,medium,34.0,189.0
Niedersachsen,sonstige,high,52.0,189.0
Niedersachsen,sonstige,very_high,9.0,189.0
Bremen,sonstige,very_low,,31.0
Bremen,sonstige,low,,31.0
Bremen,sonstige,medium,,31.0
Bremen,sonstige,high,,31.0
Bremen,sonstige,very_high,,31.0
Nordrhein-Westfalen,sonstige,very_low,6.0,257.0
Nordrhein-Westfalen,sonstige,low,13.0,257.0
Nordrhein-Westfalen,sonstige,medium,23.0,257.0
Nordrhein-Westfalen,sonstige,high,47.0,257.0
Nordrhein-Westfalen,sonstige,very_high,11.0,257.0
Hessen,sonstige,very_low,6.0,114.0
Hessen,sonstige,low,11.0,114.0
Hessen,sonstige,medium,18.0,114.0
Hessen,sonstige,high,60.0,114.0
Hessen,sonstige,very_high,5.0,114.0
Rheinland-Pfalz,sonstige,very_low,3.0,57.0
Rheinland-Pfalz,sonstige,low,11.0,57.0
Rheinland-Pfalz,sonstige,medium,23.0,57.0
Rheinland-Pfalz,sonstige,high,57.0,57.0
Rheinland-Pfalz,sonstige,very_high,6.0,57.0
Baden-Wuerttemberg,sonstige,very_low,6.0,207.0
Baden-Wuerttemberg,sonstige,low,4.0,207.0
Baden-Wuerttemberg,sonstige,medium,18.0,207.0
Baden-Wuerttemberg,sonstige,high,52.0,207.0
Baden-Wuerttemberg,sonstige,very_high,20.0,207.0
Bayern,sonstige,very_low,1.0,185.0
Bayern,sonstige,low,7.0,185.0
Bayern,sonstige,medium,21.0,185.0
Bayern,sonstige,high,54.0,185.0
Bayern,sonstige,very_high,18.0,185.0
Saarland,sonstige,very_low,11.0,26.0
Saarland,sonstige,low,6.0,26.0
Saarland,sonstige,medium,29.0,26.0
Saarland,sonstige,high,46.0,26.0
Saarland,sonstige,very_high,8.0,26.0
Berlin,sonstige,very_low,,38.0
Berlin,sonstige,low,,38.0
Berlin,sonstige,medium,,38.0
Berlin,sonstige,high,,38.0
Berlin,sonstige,very_high,,38.0
Brandenburg,sonstige,very_low,19.0,57.0
Brandenburg,sonstige,low,3.0,57.0
Brandenburg,sonstige,medium,43.0,57.0
Brandenburg,sonstige,high,30.0,57.0
Brandenburg,sonstige,very_high,5.0,57.0
Mecklenburg-Vorpommern,sonstige,very_low,,24.0
Mecklenburg-Vorpommern,sonstige,low,,24.0
Mecklenburg-Vorpommern,sonstige,medium,,24.0
Mecklenburg-Vorpommern,sonstige,high,,24.0
Mecklenburg-Vorpommern,sonstige,very_high,,24.0
Sachsen,sonstige,very_low,,53.0
Sachsen,sonstige,low,,53.0
Sachsen,sonstige,medium,,53.0
Sachsen,sonstige,high,,53.0
Sachsen,sonstige,very_high,,53.0
Sachsen-Anhalt,sonstige,very_low,,33.0
Sachsen-Anhalt,sonstige,low,,33.0
Sachsen-Anhalt,sonstige,medium,,33.0
Sachsen-Anhalt,sonstige,high,,33.0
Sachsen-Anhalt,sonstige,very_high,,33.0
Thueringen,sonstige,very_low,,42.0
Thueringen,sonstige,low,,42.0
Thueringen,sonstige,medium,,42.0
Thueringen,sonstige,high,,42.0
Thueringen,sonstige,very_high,,42.0
